C0000789	[1, 1, 1, 1, 1, 1, 1, 1]
C0000872	[1, 1, 1, 1, 1, 1, 1, 1, 1, 1, 1, 1, 1, 1, 1, 1, 1, 1, 1, 1, 1, 1, 1, 1, 1]
C0001572	[1, 1, 1, 1]
C0001573	[1, 1, 1, 1, 1, 1, 1, 1, 1, 1, 1, 1]
C0002424	[1, 1, 1, 1, 1, 1, 1, 1, 1, 1, 1, 1, 1, 1, 1, 1, 1, 1, 1, 1, 1, 1, 1, 1, 1, 1, 1]
C0002426	[1, 1, 1, 1, 1, 1, 1, 1, 1, 1, 1, 1, 1]
C0002458	[1, 1, 1, 1, 1, 1, 1, 1, 1]
C0002907	[1, 1, 1, 1, 1, 1, 1, 1, 1, 1, 1, 1, 1, 1, 1]
C0003193	[1, 1, 1, 1, 1]
C0003746	[1, 1]
C0005770	[1, 1, 1, 1, 1, 1, 1, 1, 1, 1, 1, 1, 1, 1, 1, 1]
C0005864	[1, 1, 1, 1, 1]
C0005865	[1, 1, 1, 1, 1, 1]
C0006418	[1, 1, 1, 1, 1, 1, 1, 1, 1, 1, 1, 1, 1, 1, 1, 1]
C0006425	[1, 1, 1, 1, 1, 1, 1, 1, 1, 1]
C0006460	[1, 1, 1, 1, 1, 1, 1, 1]
C0006827	[1, 1, 1, 1]
C0006828	[1, 1, 1, 1]
C0007151	[1, 1, 1, 1]
C0007670	[1, 1, 1, 1, 1, 1, 1, 1, 1, 1, 1, 1, 1, 1, 1, 1, 1]
C0007692	[1, 1, 1, 1, 1, 1]
C0007951	[1, 1, 1, 1, 1, 1, 1, 1, 1, 1, 1, 1]
C0008077	[1, 1, 1, 1, 1, 1, 1, 1]
C0008968	[1, 1, 1, 1, 1, 1, 1]
C0009434	[1, 1, 1]
C0009469	[1, 1, 1, 1, 1, 1, 1, 1, 1, 1, 1, 1, 1, 1, 1, 1, 1]
C0009474	[1, 1, 1, 1, 1, 1]
C0009478	[1, 1, 1, 1, 1, 1, 1, 1, 1, 1]
C0009589	[1]
C0010066	[1, 1, 1, 1, 1, 1, 1, 1, 1, 1, 1, 1]
C0010089	[1, 1, 1, 1]
C0011212	[1, 1, 1, 1, 1, 1, 1, 1, 1, 1, 1, 1, 1, 1, 1, 1, 1, 1, 1, 1, 1, 1]
C0011344	[1, 1, 1, 1, 1, 1, 1, 1, 1, 1, 1, 1, 1]
C0011357	[1, 1, 1, 1, 1, 1, 1]
C0011419	[1, 1, 1, 1, 1, 1, 1]
C0013185	[1, 1, 1, 1, 1, 1, 1, 1, 1, 1, 1, 1, 1, 1, 1, 1, 1, 1, 1, 1, 1]
C0013623	[1, 1, 1, 1, 1, 1]
C0013966	[1, 1, 1, 1, 1, 1]
C0013970	[1, 1]
C0015394	[1, 1, 1, 1, 1, 1, 1, 1, 1, 1]
C0015589	[1, 1, 1, 1]
C0016457	[1, 1]
C0018257	[1, 1, 1, 1, 1, 1, 1, 1, 1, 1]
C0018262	[1, 1, 1, 1, 1, 1, 1]
C0018263	[1, 1, 1, 1, 1, 1, 1]
C0018264	[1, 1, 1, 1, 1, 1]
C0018518	[1, 1, 1, 1, 1, 1, 1, 1, 1, 1, 1]
C0018690	[1, 1, 1, 1, 1, 1, 1, 1]
C0018696	[1, 1, 1, 1, 1, 1, 1, 1, 1, 1, 1, 1]
C0018704	[1, 1, 1, 1, 1, 1, 1, 1, 1, 1, 1, 1, 1, 1, 1, 1, 1, 1, 1, 1, 1, 1, 1, 1, 1, 1, 1, 1, 1, 1, 1, 1, 1, 1]
C0018720	[1, 1, 1, 1, 1, 1, 1, 1, 1, 1, 1, 1, 1, 1, 1, 1, 1, 1, 1, 1, 1, 1, 1, 1, 1, 1, 1, 1]
C0018732	[1, 1, 1, 1, 1, 1, 1]
C0018763	[1, 1, 1, 1, 1, 1, 1, 1, 1, 1]
C0019007	[1, 1, 1, 1, 1, 1, 1]
C0019859	[1, 1, 1, 1, 1, 1, 1, 1, 1, 1]
C0019870	[1, 1, 1, 1, 1, 1, 1, 1, 1, 1, 1, 1, 1]
C0019947	[1, 1, 1, 1, 1, 1, 1, 1, 1, 1, 1, 1]
C0019952	[1, 1, 1, 1, 1, 1, 1, 1]
C0019961	[1, 1, 1, 1, 1, 1, 1, 1, 1, 1, 1, 1]
C0019967	[1, 1, 1, 1]
C0019968	[1, 1, 1, 1, 1, 1, 1]
C0019973	[1, 1]
C0019987	[1, 1, 1, 1]
C0019988	[1, 1, 1, 1, 1, 1, 1, 1]
C0019994	[1, 1, 1, 1, 1, 1, 1, 1, 1, 1, 1, 1, 1, 1, 1, 1, 1, 1, 1]
C0019995	[1, 1, 1, 1]
C0019996	[1, 1, 1, 1, 1, 1, 1, 1, 1, 1, 1, 1]
C0019997	[1, 1, 1, 1]
C0019999	[1, 1, 1, 1, 1, 1, 1, 1, 1, 1, 1, 1, 1]
C0020000	[1, 1, 1, 1, 1, 1, 1]
C0020001	[1, 1, 1, 1, 1, 1, 1, 1, 1]
C0020003	[1, 1, 1, 1, 1, 1, 1, 1, 1, 1, 1, 1, 1, 1]
C0020004	[1, 1, 1, 1, 1]
C0020005	[1, 1, 1, 1, 1, 1, 1, 1]
C0020006	[1, 1, 1, 1, 1, 1, 1, 1, 1]
C0020007	[1, 1, 1, 1]
C0020008	[1, 1, 1, 1, 1, 1, 1]
C0020009	[1, 1, 1, 1, 1, 1]
C0020010	[1, 1, 1, 1, 1]
C0020012	[1, 1, 1, 1, 1, 1, 1, 1, 1, 1, 1, 1]
C0020013	[1, 1, 1, 1, 1, 1]
C0020014	[1, 1, 1, 1]
C0020015	[1, 1, 1, 1, 1]
C0020016	[1, 1, 1, 1]
C0020017	[1, 1, 1, 1, 1, 1, 1, 1, 1, 1, 1, 1, 1, 1, 1, 1, 1]
C0020020	[1, 1, 1, 1, 1, 1, 1, 1, 1]
C0020021	[1, 1, 1, 1, 1, 1, 1, 1, 1, 1, 1, 1, 1, 1, 1, 1, 1, 1, 1, 1, 1, 1, 1, 1, 1, 1, 1, 1, 1, 1, 1, 1, 1, 1, 1, 1, 1]
C0020022	[1, 1, 1, 1, 1, 1, 1, 1]
C0020023	[1, 1, 1, 1, 1, 1, 1, 1]
C0020024	[1, 1, 1, 1, 1, 1, 1, 1]
C0020025	[1, 1, 1, 1, 1, 1, 1, 1, 1, 1, 1, 1, 1]
C0020026	[1, 1, 1, 1, 1, 1, 1, 1, 1, 1, 1]
C0020027	[1, 1, 1, 1, 1, 1, 1, 1, 1, 1]
C0020028	[1, 1, 1, 1, 1, 1]
C0020029	[1, 1, 1, 1, 1, 1, 1, 1, 1, 1, 1, 1, 1, 1, 1]
C0020030	[1, 1, 1, 1, 1, 1, 1, 1, 1, 1]
C0020031	[1, 1, 1, 1, 1, 1, 1, 1, 1, 1, 1, 1, 1, 1, 1, 1]
C0021190	[1, 1, 1, 1, 1, 1, 1, 1, 1, 1, 1, 1, 1, 1, 1, 1, 1]
C0021621	[1, 1, 1, 1, 1, 1, 1, 1, 1, 1, 1, 1, 1, 1]
C0021678	[1, 1, 1, 1]
C0021691	[1, 1, 1, 1, 1, 1, 1]
C0021708	[1, 1, 1, 1, 1, 1, 1, 1, 1, 1, 1, 1, 1, 1, 1, 1, 1, 1, 1, 1, 1, 1, 1, 1, 1, 1, 1, 1, 1, 1, 1, 1, 1, 1, 1, 1]
C0021709	[1, 1, 1, 1, 1, 1, 1, 1, 1, 1, 1, 1, 1, 1, 1, 1, 1, 1, 1, 1, 1, 1, 1, 1, 1, 1]
C0021710	[1, 1, 1, 1, 1, 1, 1, 1, 1, 1, 1, 1, 1, 1, 1, 1, 1, 1, 1, 1, 1, 1]
C0021767	[1, 1, 1, 1, 1, 1, 1, 1, 1, 1]
C0022051	[1, 1]
C0022405	[1, 1, 1, 1, 1, 1, 1]
C0022877	[1, 1, 1, 1, 1, 1, 1, 1, 1, 1, 1, 1, 1, 1, 1, 1, 1, 1, 1, 1]
C0022878	[1, 1, 1, 1, 1, 1, 1, 1, 1, 1, 1]
C0022879	[1, 1, 1, 1, 1, 1, 1, 1]
C0023135	[1, 1, 1, 1, 1, 1]
C0023337	[1, 1, 1, 1]
C0023622	[1, 1, 1, 1, 1]
C0023623	[1, 1, 1, 1, 1, 1]
C0023624	[1, 1, 1, 1, 1, 1, 1, 1]
C0023625	[1, 1, 1, 1, 1, 1, 1, 1, 1, 1, 1, 1, 1]
C0023626	[1, 1, 1, 1, 1]
C0024927	[1, 1, 1, 1, 1, 1, 1]
C0025103	[1, 1, 1, 1, 1, 1, 1, 1]
C0025354	[1, 1, 1, 1, 1, 1, 1, 1]
C0026331	[1, 1, 1, 1, 1, 1, 1, 1, 1, 1, 1, 1, 1, 1, 1, 1, 1]
C0026738	[1, 1, 1, 1, 1, 1, 1, 1]
C0026745	[1, 1, 1, 1, 1, 1, 1, 1, 1, 1, 1]
C0027447	[1, 1, 1, 1, 1, 1]
C0027450	[1, 1, 1, 1, 1, 1, 1, 1, 1]
C0027454	[1, 1, 1, 1, 1]
C0027456	[1, 1, 1, 1, 1]
C0027460	[1, 1]
C0027463	[1, 1, 1, 1, 1, 1, 1]
C0027466	[1, 1, 1, 1, 1, 1, 1, 1, 1]
C0027468	[1, 1, 1, 1, 1, 1, 1, 1, 1, 1, 1, 1, 1, 1, 1]
C0027470	[1, 1, 1, 1, 1, 1, 1, 1, 1, 1, 1, 1, 1, 1]
C0028583	[1, 1, 1, 1]
C0028659	[1, 1, 1, 1, 1, 1]
C0028660	[1, 1, 1, 1, 1, 1, 1]
C0028688	[1, 1, 1, 1, 1, 1, 1, 1, 1, 1, 1, 1, 1, 1, 1, 1, 1, 1, 1, 1, 1, 1, 1]
C0028774	[1, 1, 1]
C0028775	[1, 1, 1, 1, 1, 1]
C0028776	[1]
C0028801	[1, 1, 1, 1, 1, 1, 1, 1, 1, 1, 1, 1, 1, 1, 1, 1, 1]
C0028809	[1, 1, 1]
C0029064	[1, 1, 1, 1, 1, 1, 1, 1, 1, 1, 1, 1, 1, 1, 1, 1, 1, 1, 1, 1, 1, 1, 1, 1, 1, 1]
C0029916	[1, 1, 1, 1, 1, 1, 1, 1]
C0030260	[1, 1, 1, 1]
C0030666	[1, 1, 1, 1, 1, 1]
C0030769	[1, 1, 1, 1]
C0031322	[1, 1, 1, 1, 1, 1, 1, 1, 1, 1, 1, 1]
C0031338	[1, 1, 1, 1]
C0031341	[1, 1, 1, 1, 1, 1, 1, 1, 1, 1, 1, 1, 1, 1, 1, 1, 1, 1]
C0031819	[1, 1, 1]
C0031826	[1, 1, 1, 1]
C0031834	[1, 1, 1, 1, 1, 1, 1, 1, 1, 1, 1, 1, 1, 1, 1, 1, 1, 1, 1, 1, 1, 1, 1, 1, 1, 1, 1, 1]
C0032073	[1, 1, 1]
C0032340	[1, 1, 1, 1, 1, 1, 1, 1, 1]
C0032956	[1, 1, 1, 1, 1, 1, 1, 1, 1, 1, 1, 1]
C0033173	[1, 1, 1, 1, 1, 1, 1, 1, 1, 1, 1, 1]
C0033279	[1, 1, 1, 1, 1]
C0033286	[1, 1, 1, 1, 1, 1]
C0033868	[1, 1, 1, 1, 1, 1]
C0034126	[1, 1, 1, 1, 1]
C0034600	[1, 1, 1, 1, 1, 1]
C0034871	[1, 1, 1, 1, 1, 1, 1, 1, 1, 1, 1, 1, 1, 1, 1, 1, 1, 1, 1, 1, 1, 1, 1, 1, 1, 1, 1, 1]
C0034993	[1, 1, 1, 1, 1, 1, 1, 1, 1, 1, 1, 1]
C0035047	[1, 1, 1, 1]
C0035186	[1, 1, 1, 1, 1, 1, 1, 1, 1, 1, 1, 1, 1, 1, 1]
C0035215	[1, 1, 1, 1, 1, 1, 1]
C0035240	[1, 1, 1]
C0035960	[1, 1, 1, 1, 1, 1, 1, 1, 1, 1, 1, 1, 1, 1]
C0036376	[1, 1, 1, 1, 1, 1, 1, 1]
C0036377	[1, 1, 1, 1, 1, 1, 1]
C0036378	[1, 1, 1, 1, 1, 1]
C0036380	[1, 1, 1, 1, 1, 1, 1, 1, 1, 1, 1, 1]
C0036381	[1, 1, 1, 1, 1, 1, 1, 1, 1, 1]
C0036382	[1, 1, 1, 1, 1, 1, 1, 1, 1, 1, 1]
C0036383	[1, 1, 1, 1]
C0036603	[1, 1, 1, 1, 1]
C0036951	[1, 1, 1, 1, 1, 1]
C0037265	[1, 1, 1, 1, 1, 1, 1, 1, 1, 1, 1, 1, 1, 1, 1, 1, 1, 1, 1, 1, 1, 1, 1, 1, 1, 1, 1, 1, 1, 1, 1, 1, 1, 1, 1, 1, 1, 1, 1, 1, 1]
C0037442	[1, 1]
C0037782	[1, 1, 1, 1]
C0037840	[1, 1, 1, 1, 1, 1, 1, 1, 1, 1]
C0038192	[1, 1]
C0038896	[1, 1, 1, 1, 1, 1]
C0038942	[1, 1]
C0040278	[1, 1, 1, 1, 1, 1, 1, 1, 1, 1, 1, 1, 1, 1]
C0040786	[1, 1, 1, 1, 1, 1, 1, 1, 1, 1, 1, 1, 1, 1, 1, 1]
C0040788	[1, 1, 1, 1]
C0041704	[1, 1, 1, 1, 1, 1]
C0041708	[1]
C0041709	[1, 1]
C0041711	[1, 1, 1, 1, 1, 1, 1, 1, 1, 1, 1, 1, 1, 1]
C0041714	[1, 1, 1, 1, 1, 1, 1, 1, 1, 1, 1, 1, 1, 1, 1, 1]
C0041718	[1, 1, 1, 1, 1, 1, 1, 1, 1, 1, 1, 1, 1, 1]
C0041720	[1, 1, 1, 1]
C0041729	[1]
C0041731	[1, 1, 1, 1, 1, 1, 1]
C0041734	[1, 1, 1, 1, 1, 1, 1, 1, 1, 1, 1, 1, 1, 1, 1, 1, 1, 1]
C0042078	[1, 1, 1, 1, 1, 1]
C0042154	[1]
C0042430	[1]
C0043030	[1, 1, 1, 1, 1, 1, 1]
C0043237	[1, 1, 1, 1, 1, 1, 1, 1, 1, 1, 1, 1, 1]
C0079256	[1, 1, 1, 1, 1, 1, 1, 1, 1]
C0079908	[1]
C0080192	[1]
C0080193	[1]
C0080268	[1, 1, 1, 1, 1, 1, 1, 1]
C0085118	[1, 1, 1, 1, 1, 1]
C0085141	[1, 1, 1, 1, 1, 1, 1, 1, 1, 1, 1, 1, 1, 1, 1, 1]
C0085142	[1, 1, 1, 1, 1, 1, 1, 1, 1, 1, 1, 1, 1]
C0085904	[1, 1, 1, 1, 1, 1, 1, 1, 1, 1, 1, 1, 1, 1, 1, 1]
C0086185	[1, 1, 1, 1]
C0086186	[1, 1, 1, 1, 1, 1, 1, 1, 1, 1, 1, 1, 1, 1, 1, 1, 1, 1, 1]
C0086187	[1, 1, 1, 1]
C0086391	[1, 1, 1, 1, 1, 1]
C0086393	[1, 1, 1, 1]
C0086422	[1, 1, 1, 1, 1, 1]
C0086494	[1]
C0086690	[1, 1, 1, 1, 1, 1]
C0086849	[1, 1, 1]
C0086854	[1, 1]
C0087084	[1, 1, 1, 1, 1, 1, 1, 1, 1, 1, 1]
C0087172	[1, 1, 1, 1, 1, 1, 1, 1, 1, 1, 1, 1]
C0104468	[1, 1, 1]
C0150767	[1, 1, 1, 1, 1, 1, 1, 1, 1, 1, 1]
C0165735	[1]
C0178547	[1, 1]
C0178740	[1, 1, 1]
C0181887	[1, 1, 1, 1, 1, 1, 1, 1, 1]
C0181889	[1, 1, 1, 1, 1, 1, 1]
C0181890	[1, 1, 1, 1, 1, 1, 1]
C0184591	[1]
C0205754	[1, 1, 1, 1, 1, 1, 1, 1]
C0205986	[1, 1, 1]
C0205989	[1, 1, 1]
C0206258	[1, 1, 1, 1, 1, 1]
C0206512	[1, 1, 1, 1, 1, 1, 1, 1, 1, 1, 1, 1]
C0206600	[1]
C0206601	[1, 1, 1, 1, 1, 1]
C0221502	[1, 1, 1]
C0221807	[1, 1, 1, 1, 1, 1, 1]
C0237500	[1, 1, 1, 1]
C0237807	[1, 1, 1, 1, 1, 1, 1, 1]
C0242638	[1, 1, 1, 1, 1, 1, 1, 1, 1, 1]
C0242794	[1, 1, 1]
C0242795	[1, 1, 1, 1, 1, 1, 1, 1, 1]
C0242811	[1, 1, 1, 1, 1, 1, 1, 1]
C0242884	[1, 1, 1, 1, 1, 1]
C0242933	[1, 1, 1, 1, 1, 1]
C0242934	[1, 1, 1, 1, 1, 1, 1, 1, 1, 1]
C0242935	[1, 1, 1, 1, 1, 1]
C0242936	[1, 1, 1, 1, 1, 1, 1, 1, 1, 1, 1, 1, 1, 1, 1, 1, 1, 1, 1, 1, 1, 1, 1, 1, 1]
C0259944	[1, 1]
C0259947	[1]
C0259976	[1, 1, 1]
C0260015	[1, 1, 1, 1, 1, 1, 1, 1, 1]
C0260123	[1, 1, 1, 1]
C0260159	[1]
C0282197	[1, 1, 1, 1, 1, 1, 1, 1, 1, 1, 1, 1, 1, 1]
C0282389	[1, 1, 1, 1, 1, 1]
C0282484	[1, 1, 1, 1, 1, 1, 1, 1]
C0282593	[1, 1, 1]
C0282598	[1, 1, 1, 1, 1, 1]
C0282599	[1, 1, 1]
C0282622	[1, 1, 1, 1, 1, 1]
C0331760	[1]
C0331761	[1]
C0331763	[1, 1, 1]
C0331769	[1]
C0331771	[1]
C0331772	[1]
C0331774	[1, 1, 1, 1, 1]
C0331775	[1]
C0331778	[1, 1, 1]
C0331779	[1]
C0331782	[1]
C0331784	[1]
C0331787	[1]
C0331790	[1, 1]
C0331791	[1]
C0331792	[1, 1]
C0331793	[1]
C0331797	[1, 1, 1]
C0331799	[1]
C0331800	[1]
C0331804	[1]
C0331805	[1]
C0331809	[1]
C0331812	[1]
C0331813	[1]
C0331815	[1]
C0331818	[1]
C0331820	[1]
C0331821	[1]
C0331822	[1]
C0331828	[1]
C0331835	[1]
C0331836	[1]
C0331842	[1, 1, 1, 1, 1, 1, 1, 1, 1]
C0331843	[1, 1, 1, 1]
C0331846	[1]
C0331847	[1]
C0331848	[1, 1, 1]
C0331850	[1, 1, 1, 1]
C0331851	[1, 1]
C0331853	[1]
C0331857	[1, 1]
C0331858	[1, 1]
C0331860	[1]
C0331862	[1, 1]
C0331869	[1]
C0331872	[1]
C0331873	[1, 1]
C0331875	[1]
C0331877	[1]
C0331880	[1, 1]
C0331881	[1]
C0331883	[1]
C0331885	[1]
C0331888	[1, 1, 1]
C0331889	[1]
C0331892	[1]
C0331893	[1]
C0331895	[1]
C0331897	[1]
C0331898	[1]
C0331900	[1, 1]
C0331902	[1]
C0331903	[1, 1, 1]
C0331904	[1]
C0331906	[1, 1]
C0331908	[1, 1, 1]
C0331909	[1, 1]
C0331910	[1]
C0331911	[1]
C0331912	[1, 1]
C0331920	[1]
C0331922	[1]
C0331925	[1]
C0331928	[1]
C0331931	[1]
C0331933	[1, 1, 1, 1, 1, 1, 1]
C0331935	[1, 1]
C0331936	[1, 1]
C0331937	[1]
C0331945	[1, 1]
C0331946	[1, 1, 1]
C0331947	[1, 1, 1, 1]
C0331949	[1, 1, 1]
C0331950	[1]
C0331953	[1]
C0331955	[1]
C0331965	[1, 1]
C0331968	[1, 1]
C0331969	[1]
C0331973	[1]
C0331976	[1]
C0331980	[1]
C0331988	[1]
C0331991	[1]
C0331993	[1, 1, 1]
C0332001	[1]
C0332014	[1]
C0332020	[1]
C0332024	[1, 1]
C0332030	[1]
C0332048	[1]
C0332050	[1]
C0332051	[1]
C0332054	[1]
C0332060	[1]
C0332081	[1, 1]
C0332083	[1]
C0332098	[1]
C0337952	[1, 1, 1, 1, 1]
C0337953	[1, 1, 1, 1, 1]
C0337954	[1, 1, 1, 1, 1]
C0337955	[1, 1, 1, 1, 1]
C0337956	[1, 1]
C0337957	[1, 1, 1]
C0337960	[1, 1, 1, 1, 1]
C0337961	[1, 1, 1, 1, 1, 1, 1, 1]
C0337962	[1, 1, 1, 1, 1, 1, 1, 1, 1, 1, 1, 1, 1, 1, 1, 1]
C0337963	[1, 1, 1]
C0337964	[1, 1, 1, 1, 1, 1, 1]
C0337965	[1, 1, 1, 1, 1]
C0337966	[1, 1, 1, 1, 1, 1, 1, 1, 1]
C0337968	[1, 1, 1, 1, 1]
C0337969	[1, 1, 1, 1, 1]
C0337970	[1, 1, 1, 1, 1]
C0337971	[1, 1, 1, 1, 1]
C0337972	[1, 1, 1, 1, 1, 1]
C0337973	[1, 1, 1, 1, 1, 1]
C0337974	[1, 1, 1, 1, 1, 1]
C0337975	[1, 1, 1, 1, 1]
C0337976	[1, 1, 1, 1, 1]
C0337977	[1, 1, 1]
C0337978	[1, 1, 1, 1, 1]
C0337979	[1, 1, 1, 1, 1]
C0337980	[1, 1, 1, 1, 1]
C0337981	[1, 1, 1, 1, 1]
C0337982	[1, 1, 1, 1, 1, 1]
C0337983	[1, 1, 1, 1, 1]
C0337984	[1, 1, 1, 1, 1, 1]
C0337985	[1, 1, 1, 1, 1, 1]
C0337986	[1, 1, 1, 1, 1]
C0337987	[1, 1, 1, 1, 1, 1]
C0337988	[1, 1, 1, 1, 1]
C0337989	[1, 1, 1, 1, 1]
C0337990	[1, 1, 1, 1, 1, 1]
C0337991	[1, 1, 1, 1, 1]
C0337992	[1, 1, 1, 1, 1]
C0337993	[1, 1, 1, 1, 1, 1]
C0337994	[1, 1, 1, 1, 1]
C0337995	[1, 1, 1, 1, 1, 1]
C0337996	[1, 1, 1, 1, 1, 1, 1]
C0337997	[1, 1, 1, 1, 1]
C0337998	[1, 1]
C0337999	[1, 1]
C0338001	[1, 1, 1]
C0338002	[1, 1]
C0338003	[1, 1]
C0338004	[1, 1]
C0338005	[1, 1]
C0338006	[1, 1, 1]
C0338007	[1, 1, 1]
C0338008	[1, 1, 1]
C0338009	[1, 1]
C0338010	[1, 1]
C0338011	[1, 1, 1]
C0338012	[1, 1]
C0338013	[1, 1]
C0338014	[1, 1]
C0338015	[1, 1]
C0338016	[1, 1, 1]
C0338017	[1, 1]
C0338018	[1, 1, 1]
C0338019	[1, 1, 1]
C0338020	[1, 1]
C0338021	[1, 1, 1]
C0338022	[1, 1, 1]
C0338024	[1, 1, 1]
C0338025	[1, 1]
C0338026	[1, 1]
C0338027	[1, 1, 1]
C0338028	[1, 1]
C0338029	[1, 1, 1]
C0338030	[1, 1, 1]
C0338031	[1, 1, 1, 1, 1]
C0338032	[1, 1]
C0338033	[1, 1]
C0338034	[1, 1, 1, 1, 1, 1, 1, 1, 1, 1]
C0338035	[1, 1, 1, 1]
C0338037	[1, 1, 1, 1, 1, 1]
C0338039	[1, 1, 1]
C0338040	[1, 1, 1]
C0338042	[1, 1, 1, 1, 1]
C0338043	[1, 1, 1, 1, 1]
C0338044	[1, 1, 1, 1, 1]
C0338045	[1, 1, 1, 1, 1]
C0338048	[1, 1, 1]
C0338049	[1, 1, 1]
C0338050	[1, 1, 1]
C0338051	[1, 1]
C0338052	[1, 1]
C0338053	[1, 1, 1]
C0392738	[1]
C0392739	[1]
C0392740	[1, 1, 1, 1, 1, 1, 1, 1]
C0425204	[1, 1, 1, 1, 1]
C0438942	[1, 1]
C0442592	[1, 1, 1, 1, 1, 1, 1, 1, 1, 1, 1]
C0442593	[1, 1, 1, 1, 1]
C0454885	[1, 1, 1]
C0454900	[1, 1, 1]
C0454901	[1, 1, 1]
C0470690	[1]
C0470764	[1]
C0470927	[1]
C0470941	[1]
C0471011	[1]
C0471023	[1]
C0471068	[1, 1]
C0471146	[1, 1]
C0471618	[1]
C0475309	[1, 1, 1, 1, 1, 1, 1, 1, 1, 1, 1, 1, 1, 1]
C0525051	[1, 1, 1, 1, 1, 1, 1, 1, 1, 1]
C0555967	[1, 1]
C0555968	[1, 1, 1]
C0557632	[1, 1]
C0557633	[1, 1]
C0557640	[1, 1, 1, 1, 1]
C0557819	[1, 1, 1, 1, 1]
C0557820	[1, 1]
C0557821	[1, 1, 1]
C0557824	[1, 1, 1, 1, 1, 1, 1, 1]
C0557829	[1, 1, 1, 1]
C0557847	[1, 1, 1, 1, 1]
C0557850	[1, 1, 1, 1, 1, 1, 1, 1, 1, 1]
C0557853	[1, 1, 1, 1, 1]
C0558600	[1, 1, 1, 1]
C0558684	[1, 1, 1]
C0559954	[1, 1]
C0562508	[1, 1, 1, 1, 1, 1, 1, 1, 1, 1, 1, 1, 1, 1, 1, 1, 1, 1, 1, 1, 1, 1, 1, 1, 1, 1, 1, 1, 1, 1, 1, 1, 1, 1, 1, 1, 1, 1, 1, 1, 1, 1, 1, 1, 1, 1, 1, 1, 1, 1, 1, 1, 1, 1, 1, 1, 1, 1, 1, 1, 1, 1, 1, 1]
C0562708	[1, 1, 1, 1]
C0565990	[1, 1, 1, 1, 1, 1, 1, 1]
C0565997	[1, 1]
C0581047	[1, 1, 1, 1, 1]
C0581048	[1, 1]
C0581049	[1, 1, 1]
C0581050	[1, 1]
C0581051	[1, 1]
C0587437	[1, 1, 1, 1, 1, 1, 1, 1, 1, 1, 1, 1, 1, 1, 1, 1, 1, 1, 1, 1, 1, 1, 1, 1, 1, 1, 1, 1, 1, 1, 1, 1, 1]
C0587438	[1, 1, 1, 1, 1, 1, 1, 1, 1, 1]
C0587439	[1, 1, 1, 1, 1]
C0587440	[1, 1, 1, 1, 1]
C0587441	[1, 1, 1, 1]
C0587442	[1, 1]
C0587443	[1, 1]
C0587444	[1, 1]
C0587445	[1, 1, 1, 1, 1, 1]
C0587446	[1, 1, 1, 1, 1, 1, 1]
C0587447	[1, 1, 1, 1, 1, 1]
C0587448	[1, 1, 1, 1, 1, 1]
C0587449	[1, 1, 1, 1, 1, 1]
C0587450	[1, 1, 1, 1, 1]
C0587451	[1, 1, 1]
C0587452	[1, 1, 1]
C0587453	[1, 1, 1, 1, 1]
C0587454	[1, 1, 1]
C0587455	[1, 1]
C0587456	[1, 1]
C0587457	[1, 1, 1]
C0587458	[1, 1, 1]
C0587459	[1, 1, 1]
C0587460	[1, 1, 1]
C0587461	[1, 1, 1]
C0587462	[1, 1]
C0587463	[1, 1, 1]
C0587464	[1, 1, 1]
C0587465	[1, 1]
C0587466	[1, 1, 1]
C0587467	[1, 1, 1]
C0587468	[1, 1, 1]
C0587469	[1, 1, 1]
C0587470	[1, 1, 1, 1, 1, 1]
C0587471	[1, 1, 1, 1]
C0587472	[1, 1]
C0587473	[1, 1]
C0587474	[1, 1, 1]
C0587475	[1, 1, 1]
C0587476	[1, 1, 1]
C0587477	[1, 1]
C0587478	[1, 1]
C0587479	[1, 1, 1]
C0587480	[1, 1, 1]
C0587481	[1, 1, 1]
C0587482	[1, 1, 1, 1, 1]
C0587483	[1, 1, 1]
C0587484	[1, 1, 1]
C0587485	[1, 1, 1]
C0587486	[1, 1]
C0587487	[1, 1, 1, 1]
C0587488	[1, 1, 1]
C0587489	[1, 1, 1]
C0587490	[1, 1]
C0587491	[1, 1, 1]
C0587492	[1, 1]
C0587493	[1, 1]
C0587494	[1, 1]
C0587495	[1, 1]
C0587496	[1, 1]
C0587497	[1, 1, 1, 1]
C0587498	[1, 1]
C0587499	[1, 1]
C0587500	[1, 1, 1, 1, 1, 1]
C0587501	[1, 1]
C0587502	[1, 1, 1, 1, 1]
C0587503	[1, 1]
C0587504	[1, 1]
C0587505	[1, 1]
C0587506	[1, 1]
C0587507	[1, 1]
C0587508	[1, 1]
C0587509	[1, 1]
C0587510	[1, 1, 1]
C0587511	[1, 1]
C0587512	[1, 1, 1]
C0587513	[1, 1]
C0587514	[1, 1, 1, 1]
C0587515	[1, 1]
C0587516	[1, 1]
C0587517	[1, 1]
C0587518	[1, 1]
C0587519	[1, 1]
C0587520	[1, 1]
C0587521	[1, 1]
C0587522	[1, 1]
C0587523	[1, 1]
C0587524	[1, 1]
C0587525	[1, 1, 1]
C0587526	[1, 1]
C0587527	[1, 1, 1]
C0587528	[1, 1]
C0587529	[1, 1]
C0587530	[1, 1]
C0587531	[1, 1, 1, 1]
C0587532	[1, 1]
C0587533	[1, 1]
C0587536	[1, 1, 1, 1]
C0587537	[1, 1, 1]
C0587538	[1, 1, 1, 1]
C0587539	[1, 1]
C0587540	[1, 1]
C0587541	[1, 1]
C0587542	[1, 1]
C0587543	[1, 1, 1]
C0587544	[1, 1]
C0587545	[1, 1]
C0587546	[1, 1]
C0587547	[1, 1]
C0587548	[1, 1]
C0587550	[1, 1, 1]
C0587551	[1, 1]
C0587552	[1, 1]
C0587553	[1, 1, 1]
C0587554	[1, 1]
C0587555	[1, 1]
C0587556	[1, 1]
C0587557	[1, 1, 1]
C0587558	[1, 1]
C0587559	[1, 1]
C0587560	[1, 1]
C0587561	[1, 1]
C0587562	[1, 1, 1]
C0587563	[1, 1]
C0587564	[1, 1]
C0587565	[1, 1]
C0587566	[1, 1, 1]
C0587567	[1, 1, 1]
C0587568	[1, 1, 1, 1, 1]
C0587577	[1, 1, 1]
C0587578	[1, 1, 1]
C0587579	[1, 1, 1]
C0587581	[1, 1, 1]
C0587590	[1, 1, 1]
C0587594	[1, 1, 1]
C0587595	[1, 1, 1, 1, 1]
C0587596	[1, 1]
C0587598	[1, 1]
C0587600	[1, 1, 1]
C0587601	[1, 1, 1]
C0587602	[1, 1, 1]
C0587603	[1, 1, 1, 1]
C0587604	[1, 1]
C0587605	[1, 1, 1, 1]
C0587609	[1, 1, 1]
C0587611	[1, 1]
C0587612	[1, 1]
C0587613	[1, 1]
C0587614	[1, 1]
C0587615	[1, 1]
C0587616	[1, 1]
C0587617	[1, 1]
C0587618	[1, 1]
C0587619	[1, 1, 1, 1]
C0587620	[1, 1, 1, 1]
C0587621	[1, 1, 1, 1]
C0587622	[1, 1]
C0587623	[1, 1, 1]
C0587624	[1, 1, 1]
C0587625	[1, 1]
C0587626	[1, 1, 1]
C0587627	[1, 1, 1]
C0587628	[1, 1, 1]
C0587631	[1, 1, 1]
C0587632	[1, 1]
C0587633	[1, 1]
C0587634	[1, 1]
C0587635	[1, 1, 1]
C0587636	[1, 1, 1]
C0587637	[1, 1]
C0587638	[1, 1]
C0587639	[1, 1]
C0587640	[1, 1]
C0587641	[1, 1]
C0587642	[1, 1]
C0587643	[1, 1]
C0587644	[1, 1]
C0587645	[1, 1]
C0587646	[1, 1]
C0587647	[1, 1]
C0587648	[1, 1]
C0587649	[1, 1]
C0587650	[1, 1]
C0587651	[1, 1]
C0587652	[1, 1, 1, 1]
C0587653	[1, 1]
C0587654	[1, 1, 1, 1]
C0587655	[1, 1]
C0587657	[1, 1]
C0587659	[1, 1, 1, 1]
C0587661	[1, 1]
C0587662	[1, 1]
C0587663	[1, 1, 1]
C0587664	[1, 1, 1]
C0587665	[1, 1, 1]
C0587666	[1, 1, 1]
C0587667	[1, 1, 1, 1]
C0587669	[1, 1]
C0587670	[1, 1]
C0587671	[1, 1]
C0587672	[1, 1]
C0587673	[1, 1]
C0587674	[1, 1]
C0587675	[1, 1, 1]
C0587676	[1, 1]
C0587677	[1, 1, 1]
C0587678	[1, 1]
C0587679	[1, 1, 1, 1, 1]
C0587680	[1, 1]
C0587681	[1, 1, 1]
C0587682	[1, 1, 1]
C0587683	[1, 1, 1]
C0587684	[1, 1]
C0587685	[1, 1]
C0587686	[1, 1]
C0587687	[1, 1]
C0587688	[1, 1]
C0587689	[1, 1, 1, 1]
C0587690	[1, 1, 1]
C0587691	[1, 1]
C0587692	[1, 1, 1]
C0587693	[1, 1]
C0587694	[1, 1]
C0587696	[1, 1, 1]
C0587697	[1, 1]
C0587698	[1, 1]
C0587725	[1, 1, 1]
C0587727	[1, 1, 1]
C0587728	[1, 1, 1]
C0587730	[1, 1, 1, 1, 1]
C0587906	[1, 1, 1, 1, 1, 1, 1, 1, 1]
C0587907	[1, 1, 1, 1, 1]
C0587975	[1, 1, 1]
C0596183	[1]
C0596243	[1]
C0596628	[1]
C0596656	[1]
C0596660	[1]
C0596782	[1]
C0596789	[1]
C0596896	[1, 1, 1, 1]
C0597886	[1]
C0598048	[1]
C0598561	[1]
C0598858	[1, 1, 1, 1]
C0598859	[1]
C0599829	[1]
C0600581	[1]
C0600586	[1, 1, 1, 1, 1]
C0600622	[1, 1, 1, 1, 1, 1]
C0600623	[1, 1, 1, 1, 1, 1, 1, 1, 1, 1, 1, 1, 1, 1, 1, 1, 1, 1]
C0677508	[1, 1, 1, 1, 1]
C0679900	[1, 1, 1]
C0683534	[1, 1, 1]
C0687685	[1, 1, 1]
C0740183	[1, 1, 1, 1]
C0745280	[1, 1, 1]
C0815184	[1, 1, 1, 1, 1]
C0815266	[1, 1, 1, 1, 1, 1]
C0856538	[1]
C0868949	[1, 1]
C0870106	[1, 1, 1, 1, 1]
C0870166	[1, 1, 1]
C0870269	[1]
C0870622	[1]
C0870626	[1]
C0870667	[1, 1, 1, 1, 1]
C0871023	[1, 1]
C0871167	[1, 1, 1, 1, 1]
C0871286	[1, 1, 1]
C0871869	[1, 1, 1, 1]
C0871965	[1]
C0872103	[1, 1, 1, 1, 1, 1, 1, 1, 1, 1, 1, 1, 1, 1, 1, 1, 1]
C0920537	[1]
C0920538	[1]
C0920545	[1, 1, 1]
C0920564	[1]
C0920650	[1]
C0920707	[1]
C0949111	[1]
C0994196	[1]
C1136037	[1]
C1144868	[1, 1]
C1145339	[1]
C1258357	[1, 1, 1, 1]
C1266869	[1, 1]
C1266870	[1, 1]
C1273531	[1, 1]
C1273803	[1]
C1273810	[1]
C1273815	[1, 1]
C1273817	[1, 1, 1, 1]
C1273829	[1, 1]
C1274026	[1, 1]
C1274027	[1, 1, 1, 1]
C1274028	[1, 1]
C1274112	[1, 1, 1]
C1298694	[1, 1, 1]
C1301688	[1, 1]
C1301759	[1, 1]
C1301855	[1, 1]
C1305702	[1, 1, 1, 1, 1, 1, 1, 1]
C1306375	[1, 1]
C1319404	[1, 1]
C1321138	[1, 1, 1]
C1321139	[1, 1, 1, 1, 1, 1, 1, 1, 1, 1]
C1321279	[1, 1, 1, 1, 1]
C1328811	[1]
C1328964	[1]
C1331064	[1]
C1331065	[1]
C1331066	[1]
C1331067	[1]
C1331068	[1]
C1331069	[1]
C1331070	[1]
C1331071	[1]
C1331072	[1]
C1331073	[1]
C1331074	[1]
C1331075	[1]
C1331076	[1]
C1331077	[1]
C1331078	[1]
C1331079	[1]
C1331080	[1]
C1446369	[1, 1]
C1510463	[1, 1, 1, 1, 1, 1, 1, 1, 1, 1, 1, 1, 1, 1, 1, 1, 1, 1, 1, 1, 1]
C1510740	[1, 1]
C1510840	[1]
C1510858	[1]
C1510892	[1]
C1510896	[1]
C1510897	[1]
C1511044	[1, 1, 1, 1]
C1511046	[1]
C1511140	[1]
C1511166	[1, 1]
C1511168	[1]
C1511169	[1]
C1511233	[1, 1, 1]
C1511234	[1, 1]
C1511441	[1]
C1511511	[1, 1]
C1511521	[1]
C1511564	[1, 1]
C1511611	[1]
C1511686	[1]
C1511696	[1, 1]
C1511697	[1]
C1511715	[1]
C1511716	[1, 1]
C1511727	[1]
C1511957	[1]
C1511974	[1]
C1511999	[1]
C1512000	[1, 1]
C1512001	[1]
C1512002	[1]
C1512003	[1, 1]
C1512004	[1, 1, 1]
C1512005	[1]
C1512006	[1, 1]
C1512089	[1, 1]
C1512161	[1, 1, 1]
C1512162	[1, 1, 1, 1, 1, 1, 1]
C1512192	[1]
C1512193	[1]
C1512288	[1, 1]
C1512327	[1, 1, 1, 1]
C1512415	[1, 1]
C1512473	[1]
C1512476	[1]
C1512480	[1, 1]
C1512518	[1, 1, 1]
C1512627	[1]
C1512647	[1]
C1512659	[1]
C1512688	[1]
C1512702	[1, 1]
C1512889	[1]
C1512890	[1]
C1512893	[1]
C1512895	[1]
C1512896	[1, 1]
C1512961	[1, 1]
C1513002	[1]
C1513004	[1, 1]
C1513038	[1]
C1513039	[1, 1]
C1513045	[1]
C1513120	[1]
C1513265	[1]
C1513383	[1]
C1513389	[1]
C1513394	[1]
C1513460	[1, 1]
C1513673	[1]
C1513737	[1]
C1513817	[1, 1, 1]
C1513844	[1]
C1513845	[1]
C1513877	[1]
C1513878	[1]
C1513879	[1]
C1513881	[1]
C1513882	[1, 1, 1, 1, 1, 1, 1, 1, 1]
C1513885	[1]
C1513887	[1, 1, 1]
C1513888	[1, 1, 1, 1, 1, 1, 1]
C1513889	[1]
C1513890	[1]
C1513891	[1]
C1513892	[1]
C1513893	[1]
C1513895	[1, 1, 1, 1]
C1513896	[1, 1, 1, 1, 1, 1]
C1513897	[1, 1, 1, 1, 1, 1]
C1513898	[1, 1, 1, 1]
C1513899	[1, 1, 1, 1, 1, 1]
C1513900	[1, 1, 1, 1, 1]
C1513901	[1, 1, 1, 1, 1]
C1513905	[1, 1, 1]
C1513906	[1]
C1514291	[1]
C1514403	[1]
C1514480	[1]
C1514571	[1]
C1514573	[1]
C1514599	[1, 1]
C1514601	[1]
C1514603	[1]
C1514607	[1, 1]
C1514695	[1, 1]
C1514702	[1]
C1514755	[1, 1, 1, 1, 1]
C1514958	[1, 1, 1]
C1515092	[1, 1]
C1515096	[1]
C1515098	[1]
C1515218	[1]
C1515236	[1]
C1515349	[1]
C1515350	[1, 1, 1, 1]
C1515351	[1, 1, 1]
C1515352	[1, 1]
C1515353	[1, 1, 1]
C1515354	[1, 1]
C1515355	[1]
C1515356	[1, 1]
C1515357	[1, 1]
C1515656	[1]
C1515937	[1]
C1515947	[1]
C1515950	[1, 1, 1]
C1515957	[1]
C1516052	[1]
C1516053	[1]
C1516149	[1]
C1516168	[1, 1]
C1516178	[1, 1]
C1516179	[1, 1, 1, 1, 1]
C1516180	[1, 1]
C1516181	[1, 1, 1, 1]
C1516186	[1]
C1516199	[1, 1]
C1516207	[1, 1, 1]
C1516208	[1]
C1516210	[1, 1]
C1516214	[1]
C1516215	[1]
C1516222	[1, 1, 1]
C1516224	[1]
C1516226	[1]
C1516234	[1]
C1516235	[1]
C1516238	[1, 1, 1]
C1516380	[1, 1, 1]
C1516476	[1, 1, 1]
C1516477	[1, 1, 1]
C1516513	[1]
C1516587	[1]
C1516604	[1]
C1516612	[1]
C1516629	[1]
C1516650	[1]
C1516655	[1]
C1516683	[1]
C1516705	[1]
C1516734	[1, 1]
C1516764	[1, 1]
C1516765	[1, 1]
C1516766	[1]
C1516767	[1, 1]
C1516773	[1]
C1516918	[1]
C1516985	[1]
C1517012	[1]
C1517014	[1]
C1517062	[1]
C1517129	[1]
C1517158	[1]
C1517213	[1]
C1517269	[1]
C1517306	[1]
C1517309	[1, 1]
C1517310	[1]
C1517497	[1]
C1517501	[1]
C1517521	[1]
C1517522	[1]
C1517551	[1]
C1517597	[1, 1, 1, 1]
C1517601	[1]
C1517620	[1, 1]
C1517622	[1, 1, 1]
C1517651	[1, 1, 1, 1]
C1517675	[1, 1, 1]
C1517703	[1]
C1517704	[1, 1]
C1517705	[1]
C1517707	[1, 1]
C1517708	[1]
C1517712	[1]
C1518148	[1]
C1518258	[1]
C1518269	[1]
C1518318	[1]
C1518417	[1, 1, 1]
C1518418	[1]
C1518419	[1]
C1518436	[1]
C1518446	[1]
C1518467	[1]
C1518502	[1]
C1518547	[1]
C1518548	[1]
C1518550	[1]
C1518552	[1]
C1518557	[1]
C1518558	[1]
C1518562	[1, 1, 1]
C1518569	[1]
C1518570	[1]
C1518599	[1]
C1518611	[1]
C1518612	[1, 1]
C1518648	[1]
C1518651	[1]
C1518655	[1]
C1518656	[1]
C1518772	[1]
C1518923	[1]
C1518924	[1]
C1518932	[1, 1, 1]
C1519028	[1]
C1519037	[1]
C1519105	[1, 1, 1]
C1519110	[1, 1, 1]
C1519168	[1, 1, 1]
C1519179	[1, 1, 1, 1, 1, 1, 1, 1]
C1519219	[1]
C1519297	[1]
C1519298	[1, 1, 1]
C1519360	[1]
C1519380	[1]
C1519394	[1]
C1519429	[1, 1, 1]
C1519441	[1, 1, 1, 1]
C1519518	[1]
C1519526	[1, 1]
C1519569	[1]
C1519597	[1, 1]
C1519607	[1]
C1519608	[1]
C1519617	[1]
C1519621	[1]
C1519744	[1]
C1519797	[1, 1]
C1519798	[1, 1]
C1519799	[1]
C1519800	[1, 1]
C1519801	[1, 1, 1, 1]
C1519802	[1, 1]
C1519803	[1]
C1519804	[1, 1, 1, 1, 1]
C1519805	[1, 1, 1]
C1519806	[1, 1]
C1519807	[1, 1]
C1519972	[1]
C1520126	[1]
C1520163	[1]
C1520209	[1]
C1532776	[1, 1, 1, 1, 1, 1, 1, 1, 1]
C1532777	[1, 1, 1, 1, 1, 1, 1, 1, 1]
C1545982	[1, 1, 1, 1, 1, 1, 1]
C1546530	[1]
C1546531	[1, 1]
C1546532	[1, 1, 1]
C1546860	[1, 1, 1]
C1546861	[1, 1]
C1546862	[1, 1, 1]
C1546868	[1, 1, 1]
C1546869	[1, 1]
C1546871	[1, 1, 1]
C1546872	[1, 1, 1]
C1546874	[1, 1, 1]
C1546876	[1, 1, 1]
C1546877	[1, 1, 1]
C1546878	[1, 1]
C1546879	[1, 1]
C1546881	[1, 1, 1]
C1546883	[1, 1, 1]
C1546885	[1, 1, 1]
C1546886	[1, 1]
C1546887	[1, 1, 1]
C1546888	[1, 1]
C1546892	[1]
C1546893	[1, 1, 1]
C1546896	[1, 1]
C1546906	[1, 1]
C1547182	[1, 1]
C1547193	[1]
C1547194	[1, 1]
C1547195	[1, 1]
C1547635	[1]
C1550360	[1]
C1550511	[1, 1]
C1550683	[1, 1, 1]
C1550685	[1, 1]
C1550688	[1, 1, 1, 1]
C1551245	[1, 1]
C1551246	[1, 1]
C1551248	[1, 1]
C1551249	[1, 1]
C1551251	[1, 1, 1, 1, 1]
C1551254	[1, 1]
C1551256	[1, 1]
C1551257	[1, 1]
C1551259	[1, 1]
C1551261	[1, 1]
C1551262	[1, 1]
C1551263	[1, 1]
C1551265	[1, 1]
C1551266	[1, 1]
C1551270	[1, 1]
C1551271	[1, 1]
C1551272	[1, 1]
C1551274	[1]
C1551275	[1, 1]
C1551276	[1, 1]
C1551278	[1, 1]
C1551279	[1, 1]
C1551282	[1, 1]
C1551283	[1, 1]
C1551284	[1, 1]
C1551285	[1, 1, 1, 1, 1, 1, 1, 1, 1, 1, 1, 1, 1, 1, 1, 1, 1, 1, 1, 1, 1]
C1551286	[1, 1]
C1551287	[1, 1]
C1551288	[1, 1]
C1551289	[1]
C1551301	[1, 1]
C1551303	[1, 1]
C1551304	[1, 1]
C1551306	[1, 1]
C1551308	[1, 1]
C1551309	[1]
C1551310	[1, 1, 1, 1, 1, 1]
C1551311	[1, 1]
C1551312	[1, 1, 1]
C1551313	[1, 1]
C1551314	[1, 1]
C1551315	[1, 1]
C1551317	[1, 1]
C1551318	[1, 1]
C1551319	[1, 1]
C1551320	[1, 1]
C1551321	[1, 1]
C1551324	[1, 1]
C1551326	[1, 1]
C1551327	[1, 1]
C1551329	[1, 1]
C1551330	[1, 1]
C1552408	[1, 1]
C1552409	[1, 1]
C1552413	[1, 1]
C1552416	[1, 1]
C1552417	[1, 1]
C1552418	[1, 1]
C1552420	[1, 1]
C1552421	[1, 1]
C1552423	[1, 1]
C1552424	[1, 1, 1, 1]
C1552427	[1, 1]
C1552429	[1, 1]
C1552433	[1, 1]
C1552436	[1, 1]
C1552437	[1, 1]
C1552438	[1, 1, 1, 1]
C1552440	[1, 1, 1, 1, 1, 1]
C1552441	[1, 1]
C1552443	[1, 1, 1, 1, 1, 1]
C1552448	[1, 1]
C1552452	[1, 1]
C1552453	[1, 1, 1, 1]
C1552456	[1, 1]
C1552457	[1, 1]
C1552465	[1, 1]
C1552466	[1, 1, 1, 1]
C1552467	[1, 1]
C1552468	[1, 1]
C1552469	[1, 1]
C1552470	[1]
C1552471	[1, 1]
C1552472	[1, 1]
C1552473	[1, 1]
C1552476	[1]
C1552479	[1, 1]
C1552486	[1, 1]
C1552489	[1, 1, 1, 1]
C1552491	[1, 1]
C1552498	[1]
C1552500	[1]
C1552508	[1, 1]
C1552509	[1, 1]
C1552514	[1, 1]
C1552515	[1, 1]
C1552522	[1, 1]
C1552523	[1, 1]
C1552524	[1, 1]
C1552525	[1, 1]
C1552526	[1, 1]
C1552527	[1, 1]
C1552528	[1, 1]
C1552529	[1, 1]
C1552530	[1]
C1552531	[1, 1]
C1552532	[1, 1]
C1552533	[1, 1]
C1552534	[1, 1]
C1552535	[1, 1]
C1552536	[1, 1]
C1552537	[1, 1]
C1552538	[1, 1]
C1552539	[1, 1]
C1552540	[1, 1]
C1552541	[1, 1]
C1552542	[1]
C1552543	[1, 1]
C1552544	[1, 1]
C1552545	[1, 1]
C1552546	[1, 1]
C1552547	[1, 1]
C1552548	[1, 1]
C1552549	[1, 1]
C1552747	[1, 1]
C1552748	[1, 1]
C1552749	[1, 1]
C1552750	[1, 1]
C1552751	[1, 1]
C1552754	[1, 1]
C1552755	[1, 1]
C1552756	[1, 1]
C1552757	[1, 1]
C1552758	[1, 1]
C1552759	[1]
C1552761	[1, 1]
C1552762	[1, 1]
C1552764	[1, 1]
C1552771	[1, 1]
C1552772	[1, 1]
C1552775	[1, 1]
C1552781	[1]
C1552783	[1, 1]
C1552784	[1, 1]
C1552787	[1, 1]
C1552789	[1, 1]
C1552790	[1, 1]
C1552791	[1, 1]
C1552794	[1, 1]
C1552800	[1, 1]
C1552806	[1, 1]
C1552809	[1]
C1552811	[1, 1]
C1552812	[1, 1, 1, 1]
C1552813	[1, 1]
C1552814	[1, 1]
C1552815	[1, 1]
C1552881	[1, 1, 1]
C1552882	[1, 1, 1]
C1552884	[1, 1, 1, 1]
C1552885	[1, 1, 1]
C1552887	[1, 1, 1, 1, 1, 1]
C1552888	[1, 1, 1]
C1552890	[1, 1, 1]
C1552891	[1, 1, 1]
C1552892	[1, 1, 1]
C1552895	[1, 1]
C1552896	[1, 1, 1]
C1552897	[1, 1, 1]
C1552898	[1]
C1552899	[1, 1, 1]
C1552900	[1, 1]
C1552901	[1, 1, 1]
C1552902	[1, 1, 1]
C1552903	[1, 1, 1, 1]
C1552904	[1, 1, 1]
C1554095	[1, 1]
C1555591	[1, 1]
C1555596	[1, 1]
C1555653	[1, 1]
C1556029	[1, 1]
C1561550	[1, 1]
C1562642	[1, 1, 1]
C1610162	[1, 1, 1, 1]
C1627345	[1, 1, 1, 1, 1, 1, 1, 1, 1, 1, 1, 1, 1, 1]
C1628316	[1, 1, 1]
C1629858	[1, 1, 1, 1, 1, 1]
C1631606	[1, 1]
C1636661	[1, 1]
C1657135	[1, 1, 1, 1]
C1688588	[1, 1]
C1690590	[1, 1, 1, 1, 1]
C1704659	[1, 1, 1, 1]
C1705420	[1, 1, 1, 1]
C1706444	[1, 1, 1]
C1706786	[1, 1, 1, 1]
C1706973	[1, 1]
C1707246	[1]
C1707294	[1]
C1707295	[1, 1, 1, 1, 1]
C1707373	[1, 1]
C1707679	[1]
C1707735	[1, 1]
C1707823	[1, 1]
C1707904	[1]
C1707958	[1, 1]
C1708098	[1, 1]
C1708333	[1, 1]
C1708467	[1]
C1708542	[1, 1]
C1708636	[1, 1]
C1708733	[1, 1, 1, 1, 1, 1, 1]
C1708834	[1, 1, 1, 1]
C1708944	[1, 1]
C1709055	[1, 1]
C1709364	[1, 1]
C1709365	[1, 1]
C1709626	[1]
C1709628	[1, 1]
C1709762	[1, 1]
C1709763	[1, 1, 1]
C1710188	[1, 1]
C1710490	[1, 1]
C1710589	[1, 1]
C1710659	[1, 1]
C1717557	[1, 1, 1]
C1718195	[1, 1, 1, 1, 1]
C1736660	[1, 1]
C1830357	[1, 1, 1]
C1882036	[1]
C1882265	[1]
C1955969	[1, 1, 1, 1]
C1955970	[1, 1, 1, 1]
C1955973	[1, 1, 1, 1, 1, 1]
C1955974	[1, 1, 1, 1, 1]
C1955975	[1, 1, 1, 1]
C1955976	[1, 1, 1, 1]
C1955977	[1, 1, 1, 1]
C1955978	[1, 1, 1, 1]
C1955979	[1, 1, 1, 1]
C1955981	[1, 1, 1]
C1959926	[1, 1, 1, 1, 1]
C1960106	[1, 1, 1]
C1976596	[1, 1, 1, 1, 1]
C2077962	[1, 1, 1, 1]
C2183225	[1, 1, 1, 1]
C2183241	[1, 1, 1]
C2224195	[1, 1]
C2317050	[1, 1]
C2346505	[1, 1, 1, 1, 1, 1, 1, 1, 1, 1, 1, 1, 1]
C2347449	[1, 1, 1, 1, 1, 1, 1]
C2347584	[1]
C2347712	[1, 1, 1]
C2347788	[1, 1, 1, 1, 1]
C2347790	[1, 1, 1, 1, 1]
C2347839	[1]
C2350232	[1, 1, 1, 1, 1, 1, 1, 1, 1, 1, 1, 1]
C2350580	[1, 1, 1, 1]
C2350581	[1, 1, 1, 1]
C2350582	[1, 1]
C2350584	[1, 1, 1, 1, 1]
C2350647	[1, 1, 1, 1, 1, 1, 1, 1, 1, 1, 1, 1]
C2358413	[1, 1, 1]
C2358414	[1, 1, 1]
C2361265	[1, 1, 1, 1]
C2362545	[1, 1, 1, 1, 1, 1]
C2362761	[1, 1, 1, 1, 1, 1]
C2585313	[1, 1, 1, 1, 1, 1, 1]
C2600038	[1, 1]
C2600039	[1, 1, 1, 1]
C2607850	[1, 1]
C2711258	[1, 1]
C2711407	[1, 1]
C2711413	[1, 1]
C2711449	[1, 1]
C2711734	[1, 1, 1, 1, 1]
C2718032	[1, 1, 1, 1, 1, 1, 1, 1]
C2732322	[1, 1, 1, 1, 1]
C2732797	[1, 1, 1]
C2735036	[1, 1, 1, 1]
C2735038	[1, 1, 1, 1]
C2735044	[1, 1, 1]
C2825537	[1, 1]
C2825564	[1, 1]
C2826098	[1]
C2826174	[1]
C2826326	[1, 1, 1]
C2826328	[1, 1]
C2826329	[1, 1]
C2826331	[1, 1]
C2826332	[1, 1]
C2826334	[1]
C2826336	[1]
C2826337	[1]
C2826338	[1]
C2826339	[1]
C2826340	[1]
C2826341	[1]
C2826342	[1, 1]
C2826343	[1]
C2826361	[1, 1]
C2919257	[1, 1]
C2919321	[1, 1]
C2919777	[1, 1]
C2919778	[1, 1]
C2936638	[1, 1, 1, 1, 1, 1]
C2936639	[1, 1, 1, 1, 1, 1, 1]
C2936717	[1, 1, 1, 1, 1, 1]
C2983134	[1, 1, 1, 1, 1, 1]
C2985501	[1, 1]
C2985607	[1, 1, 1]
C2985617	[1, 1]
C2985688	[1, 1]
C3164410	[1, 1, 1, 1]
C3164440	[1, 1, 1, 1, 1]
C3173837	[1, 1, 1]
C3179030	[1, 1, 1, 1, 1, 1]
C3242019	[1]
C3242020	[1]
C3242021	[1]
C3242085	[1]
C3242086	[1]
C3242128	[1]
C3242131	[1]
C3242132	[1]
C3242133	[1]
C3242143	[1]
C3242144	[1]
C3242736	[1]
C3242738	[1]
C3242739	[1]
C3242746	[1]
C3242765	[1]
C3242766	[1]
C3242767	[1, 1]
C3242768	[1, 1]
C3242769	[1]
C3242770	[1, 1, 1]
C3242771	[1]
C3242773	[1]
C3242777	[1]
C3242778	[1]
C3242779	[1]
C3242780	[1]
C3242781	[1]
C3242782	[1]
C3242783	[1]
C3242784	[1]
C3242856	[1]
C3242859	[1]
C3242861	[1]
C3242878	[1]
C3242879	[1]
C3242880	[1]
C3242881	[1]
C3242882	[1]
C3242883	[1]
C3242884	[1]
C3242885	[1]
C3242886	[1]
C3242887	[1]
C3242888	[1]
C3242889	[1]
C3242890	[1]
C3242891	[1]
C3242892	[1]
C3242970	[1]
C3243585	[1]
C3243589	[1]
C3244110	[1]
C3244111	[1]
C3244278	[1, 1, 1, 1, 1, 1]
C3258821	[1, 1, 1, 1]
C3275045	[1, 1]
C3275046	[1, 1, 1]
C3275047	[1, 1]
C3275048	[1, 1]
C3275049	[1, 1]
C3275087	[1, 1]
C3275088	[1, 1]
C3275110	[1, 1]
C3475479	[1, 1, 1]
C3476078	[1, 1, 1, 1]
C3476513	[1, 1, 1]
C3476543	[1, 1, 1]
C3481454	[1, 1, 1]
C3494217	[1, 1, 1, 1, 1, 1]
C3494218	[1, 1, 1, 1, 1, 1]
C3494897	[1, 1, 1]
C3494898	[1, 1]
C3496094	[1, 1]
C3496095	[1, 1]
C3496100	[1, 1]
C3496101	[1, 1]
C3496102	[1, 1]
C3496103	[1, 1]
C3496104	[1, 1]
C3496105	[1, 1]
C3496112	[1, 1]
C3496399	[1, 1]
C3496400	[1, 1]
C3496634	[1, 1]
C3530196	[1]
C3530198	[1]
C3530200	[1]
C3530202	[1]
C3530205	[1]
C3530206	[1]
C3530207	[1]
C3530208	[1]
C3530209	[1]
C3530215	[1]
C3530216	[1]
C3530220	[1]
C3530221	[1]
C3530222	[1]
C3530223	[1]
C3530224	[1]
C3530225	[1]
C3530226	[1]
C3530227	[1]
C3530228	[1]
C3530229	[1]
C3530230	[1]
C3530231	[1]
C3530232	[1]
C3530233	[1]
C3530234	[1]
C3530235	[1]
C3530236	[1]
C3530237	[1]
C3530238	[1, 1]
C3530245	[1]
C3530246	[1]
C3530247	[1]
C3530248	[1]
C3530249	[1]
C3530250	[1]
C3530251	[1]
C3530253	[1]
C3530254	[1]
C3530257	[1]
C3530258	[1]
C3530259	[1]
C3530260	[1]
C3530261	[1]
C3530262	[1]
C3530263	[1]
C3530264	[1]
C3530265	[1]
C3530266	[1]
C3530267	[1]
C3530268	[1]
C3530269	[1]
C3530270	[1]
C3530271	[1]
C3530275	[1]
C3530277	[1]
C3530278	[1, 1]
C3530279	[1]
C3530280	[1]
C3530281	[1]
C3530282	[1]
C3530283	[1]
C3530284	[1]
C3530286	[1]
C3530287	[1]
C3530289	[1]
C3530290	[1]
C3530291	[1]
C3530292	[1]
C3530293	[1]
C3530294	[1]
C3530295	[1]
C3530296	[1]
C3530297	[1]
C3530298	[1]
C3530299	[1]
C3530300	[1]
C3530301	[1]
C3530302	[1]
C3530303	[1]
C3530304	[1]
C3640643	[1, 1]
C3641653	[1, 1, 1]
C3642270	[1, 1, 1]
C3642273	[1, 1, 1, 1]
C3658282	[1, 1, 1, 1, 1, 1, 1, 1, 1, 1, 1, 1, 1, 1, 1, 1, 1, 1, 1, 1, 1, 1, 1, 1]
C3661443	[1, 1, 1, 1, 1]
C3661444	[1, 1, 1, 1, 1]
C3661749	[1, 1]
C3661819	[1, 1, 1, 1, 1]
C3661820	[1, 1, 1, 1, 1]
C3661916	[1, 1, 1, 1, 1, 1]
C3697965	[1, 1]
C3699642	[1, 1, 1]
C3710290	[1]
C3715181	[1, 1, 1, 1]
C3715200	[1, 1, 1, 1]
C3715202	[1, 1, 1, 1, 1, 1]
C3715203	[1, 1, 1, 1]
C3715205	[1, 1, 1, 1]
C3810819	[1, 1, 1]
C3810820	[1, 1, 1, 1]
C3810843	[1, 1, 1, 1]
C3810844	[1, 1, 1, 1]
C3810847	[1, 1, 1]
C3810855	[1, 1, 1, 1]
C3810856	[1, 1, 1, 1]
C3810868	[1, 1, 1, 1]
C3810869	[1, 1, 1, 1]
C3811912	[1, 1, 1, 1]
C3811913	[1, 1, 1, 1]
C3812390	[1, 1, 1, 1]
C3812395	[1, 1, 1]
C3812871	[1, 1, 1, 1]
C3814531	[1, 1, 1, 1]
C3814532	[1, 1, 1, 1]
C3815879	[1, 1, 1, 1, 1]
C3816500	[1, 1, 1, 1, 1]
C3816501	[1, 1, 1, 1, 1]
C3816502	[1, 1, 1, 1, 1]
C3816503	[1, 1, 1, 1, 1]
C3816504	[1, 1, 1, 1, 1]
C3816505	[1, 1, 1, 1, 1]
C3824653	[1]
C3824673	[1]
C3824689	[1]
C3824747	[1]
C3824800	[1]
C3824817	[1]
C3824896	[1]
C3825544	[1]
C3825617	[1]
C3825833	[1]
C3825840	[1]
C3826013	[1]
C3826023	[1]
C3826178	[1]
C3826179	[1]
C3826181	[1]
C3826182	[1]
C3826190	[1]
C3826192	[1]
C3826197	[1]
C3826247	[1]
C3826521	[1]
C3826536	[1]
C3826595	[1]
C3826630	[1]
C3828025	[1, 1]
C3828806	[1]
C3833400	[1, 1]
C3833703	[1, 1, 1, 1]
C3834491	[1, 1, 1, 1]
C3838685	[1, 1, 1]
C3838700	[1, 1, 1]
C3838744	[1, 1]
C3838745	[1, 1]
C3838753	[1, 1]
C3838757	[1, 1]
C3838759	[1, 1]
C3838770	[1, 1]
C3838815	[1, 1]
C3838840	[1, 1]
C3838844	[1, 1]
C3838887	[1, 1]
C3838919	[1, 1, 1]
C3838959	[1, 1]
C3838977	[1, 1]
C3838980	[1, 1]
C3839004	[1, 1]
C3839015	[1, 1]
C3839033	[1, 1]
C3839038	[1, 1]
C3839043	[1, 1]
C3839053	[1, 1]
C3839056	[1, 1]
C3839063	[1, 1]
C3839078	[1, 1]
C3839103	[1, 1]
C3839137	[1, 1, 1]
C3839141	[1, 1]
C3839152	[1, 1]
C3839219	[1, 1]
C3839229	[1, 1, 1]
C3839239	[1, 1]
C3839267	[1, 1]
C3839284	[1, 1]
C3839291	[1, 1, 1, 1, 1]
C3839295	[1, 1]
C3839327	[1, 1, 1]
C3839419	[1, 1]
C3839436	[1, 1]
C3839447	[1, 1]
C3839501	[1, 1]
C3839502	[1, 1]
C3839529	[1, 1]
C3839552	[1, 1]
C3839594	[1, 1]
C3839636	[1, 1]
C3839650	[1, 1]
C3839654	[1, 1]
C3839674	[1, 1, 1, 1, 1]
C3839701	[1, 1, 1]
C3839717	[1, 1]
C3839733	[1, 1]
C3839738	[1, 1]
C3839785	[1, 1]
C3839840	[1, 1]
C3839853	[1, 1, 1]
C3839889	[1, 1]
C3839912	[1, 1]
C3839946	[1, 1]
C3839985	[1, 1, 1]
C3839994	[1, 1]
C3840001	[1, 1]
C3840006	[1, 1]
C3840071	[1, 1]
C3840111	[1, 1]
C3840176	[1, 1, 1, 1]
C3840184	[1, 1]
C3840219	[1, 1]
C3840226	[1, 1]
C3840242	[1, 1]
C3840245	[1, 1, 1]
C3840262	[1, 1]
C3840263	[1, 1]
C3840734	[1]
C3840745	[1]
C3840746	[1, 1]
C3840771	[1]
C3841395	[1]
C3841564	[1]
C3841565	[1]
C3841566	[1]
C3841596	[1]
C3841602	[1]
C3841771	[1]
C3841813	[1]
C3841814	[1]
C3844312	[1]
C3844338	[1]
C3844339	[1]
C3844340	[1]
C3844341	[1]
C3844554	[1]
C3844762	[1]
C3844763	[1]
C3844764	[1]
C3844780	[1]
C3845066	[1]
C3845067	[1]
C3845074	[1]
C3845094	[1]
C3845095	[1]
C3845096	[1]
C3845097	[1]
C3845098	[1]
C3845101	[1]
C3845562	[1]
C3845564	[1]
C3845566	[1, 1, 1]
C3845667	[1]
C3845668	[1]
C3845669	[1]
C3845869	[1]
C3845870	[1]
C3845871	[1]
C3845872	[1]
C3845873	[1]
C3846150	[1]
C3850013	[1, 1, 1]
C3854339	[1, 1]
C3869730	[1, 1, 1]
C3869731	[1, 1, 1]
C3869735	[1, 1, 1]
C3872576	[1, 1]
C3872585	[1, 1]
C3872588	[1, 1]
C3872601	[1, 1]
C3872619	[1, 1]
C3872622	[1, 1]
C3872642	[1, 1]
C3872651	[1, 1]
C3872656	[1, 1]
C3872657	[1, 1]
C3872668	[1, 1]
C3872670	[1, 1]
C3872675	[1, 1]
C3872683	[1, 1]
C3872686	[1, 1]
C3872687	[1, 1]
C3872693	[1, 1]
C3872700	[1, 1, 1]
C3873244	[1]
C3873245	[1, 1]
C3873250	[1, 1]
C3873622	[1, 1]
C3873625	[1, 1]
C3873626	[1, 1]
C3873627	[1, 1]
C3887425	[1, 1]
C3887431	[1, 1]
C3887620	[1, 1, 1, 1]
C3887621	[1, 1, 1]
C3887776	[1, 1]
C3897081	[1, 1]
C3897160	[1, 1]
C3897480	[1, 1]
C3897811	[1, 1]
C4018873	[1, 1, 1]
C4019017	[1, 1, 1]
C4029893	[1, 1]
C4029894	[1, 1]
C4034203	[1, 1, 1]
C4034258	[1, 1, 1]
C4035111	[1, 1, 1, 1, 1, 1]
C4035124	[1]
C4035125	[1]
C4035146	[1]
C4035171	[1]
C4035178	[1]
C4035179	[1]
C4035180	[1]
C4035181	[1]
C4035182	[1]
C4035183	[1]
C4035184	[1]
C4035185	[1]
C4035186	[1]
C4035187	[1]
C4035191	[1]
C4035192	[1]
C4035193	[1]
C4035194	[1]
C4035195	[1]
C4035196	[1]
C4035197	[1]
C4035198	[1]
C4035199	[1]
C4035200	[1]
C4035201	[1]
C4035202	[1]
C4035203	[1, 1]
C4035204	[1]
C4035205	[1]
C4035206	[1]
C4035207	[1]
C4035208	[1]
C4035209	[1]
C4035210	[1]
C4035211	[1]
C4035212	[1]
C4035213	[1]
C4035214	[1]
C4035215	[1]
C4035216	[1]
C4035217	[1]
C4035218	[1]
C4035219	[1]
C4035220	[1]
C4035221	[1]
C4035222	[1]
C4035223	[1]
C4035224	[1]
C4035225	[1]
C4035226	[1]
C4035227	[1]
C4035228	[1]
C4035229	[1]
C4035230	[1]
C4035231	[1]
C4035232	[1]
C4035233	[1]
C4035234	[1]
C4035235	[1]
C4035236	[1]
C4035237	[1]
C4035238	[1]
C4035239	[1]
C4035240	[1]
C4035241	[1]
C4035242	[1]
C4035243	[1]
C4035244	[1]
C4035245	[1]
C4035246	[1]
C4035247	[1]
C4035248	[1]
C4035249	[1]
C4035250	[1]
C4035251	[1]
C4035252	[1]
C4035253	[1]
C4035254	[1]
C4035255	[1]
C4035256	[1]
C4035257	[1]
C4035258	[1]
C4035259	[1]
C4035260	[1]
C4035261	[1]
C4035262	[1]
C4035263	[1]
C4035264	[1]
C4035265	[1]
C4035266	[1]
C4035267	[1]
C4035268	[1]
C4035269	[1]
C4035270	[1]
C4035271	[1]
C4035272	[1]
C4035273	[1]
C4035274	[1]
C4035275	[1]
C4035276	[1]
C4035277	[1]
C4035278	[1]
C4035279	[1]
C4035280	[1]
C4035281	[1]
C4035282	[1]
C4035283	[1]
C4035284	[1]
C4035285	[1]
C4035286	[1]
C4035287	[1]
C4035288	[1]
C4035289	[1]
C4035290	[1]
C4035291	[1]
C4035292	[1]
C4035293	[1]
C4035294	[1]
C4035295	[1]
C4035296	[1]
C4035297	[1]
C4035298	[1]
C4035299	[1]
C4035300	[1]
C4035301	[1]
C4035302	[1]
C4035303	[1]
C4035304	[1]
C4035305	[1]
C4035306	[1]
C4035307	[1]
C4035308	[1]
C4035309	[1]
C4035310	[1]
C4035311	[1]
C4035312	[1]
C4035313	[1]
C4035314	[1]
C4035315	[1]
C4035316	[1]
C4035317	[1]
C4035318	[1]
C4035319	[1]
C4035320	[1]
C4035321	[1]
C4035322	[1]
C4035323	[1]
C4035324	[1]
C4035325	[1]
C4035326	[1]
C4035327	[1]
C4035328	[1]
C4035329	[1]
C4035330	[1]
C4035331	[1]
C4035332	[1]
C4035333	[1]
C4035334	[1]
C4035335	[1]
C4035336	[1]
C4035337	[1]
C4035338	[1]
C4035339	[1]
C4035340	[1]
C4035341	[1]
C4035342	[1]
C4035343	[1]
C4035344	[1]
C4035345	[1]
C4035580	[1]
C4035581	[1]
C4035582	[1]
C4035583	[1]
C4035584	[1]
C4035585	[1]
C4035586	[1]
C4035587	[1]
C4035588	[1]
C4035589	[1]
C4035590	[1]
C4035591	[1]
C4035592	[1]
C4035593	[1]
C4035594	[1]
C4035595	[1]
C4035596	[1]
C4035597	[1]
C4035598	[1]
C4035599	[1]
C4035600	[1]
C4035854	[1]
C4035855	[1]
C4035856	[1]
C4035857	[1]
C4035858	[1]
C4035859	[1]
C4035860	[1]
C4035861	[1]
C4035862	[1]
C4035865	[1]
C4035867	[1]
C4035868	[1, 1, 1]
C4035871	[1, 1, 1]
C4035927	[1]
C4035929	[1]
C4035930	[1]
C4035931	[1]
C4035932	[1]
C4035933	[1]
C4037969	[1, 1, 1]
C4038523	[1]
C4038524	[1]
C4038525	[1]
C4038526	[1]
C4038527	[1]
C4038528	[1]
C4038529	[1]
C4038530	[1]
C4038531	[1]
C4038532	[1]
C4038533	[1]
C4038534	[1]
C4038535	[1]
C4038536	[1]
C4038537	[1]
C4038538	[1]
C4038539	[1]
C4038540	[1]
C4038541	[1]
C4038542	[1]
C4038543	[1]
C4038544	[1]
C4038545	[1]
C4038546	[1]
C4038547	[1]
C4038999	[1, 1]
C4041524	[1, 1]
C4047590	[1, 1]
C4047591	[1, 1]
C4047632	[1, 1]
C4047633	[1, 1]
C4047659	[1, 1]
C4047661	[1, 1, 1, 1, 1, 1]
C4047890	[1, 1]
C4047891	[1, 1]
C4047892	[1, 1]
C4053387	[1]
C4053388	[1]
C4068984	[1]
C4068985	[1]
C4069253	[1]
C4075525	[1, 1]
C4075527	[1, 1]
C4076632	[1, 1]
C4085574	[1, 1, 1]
C4085584	[1, 1]
C4085632	[1, 1, 1]
C4085938	[1, 1]
C4086552	[1, 1, 1]
C4086621	[1, 1]
C4224059	[1]
C4224060	[1]
C4224061	[1]
C4224062	[1]
C4224063	[1]
C4224064	[1]
C4224066	[1, 1]
C4224069	[1]
C4264595	[1]
C4264596	[1]
C4264597	[1]
C4264598	[1]
C4264599	[1]
C4264600	[1]
C4264601	[1]
C4264602	[1]
C4264603	[1]
C4277546	[1, 1, 1]
C4277670	[1, 1, 1, 1, 1, 1, 1, 1]
C4280065	[1, 1, 1, 1, 1, 1, 1]
C4280182	[1]
C4280183	[1]
C4280184	[1]
C4280185	[1]
C4280186	[1]
C4280187	[1]
C4280188	[1]
C4280189	[1]
C4280190	[1]
C4280191	[1]
C4280192	[1]
C4280193	[1]
C4280194	[1]
C4280195	[1]
C4280196	[1]
C4280197	[1]
C4280198	[1]
C4280199	[1]
C4280200	[1]
C4280201	[1]
C4280202	[1]
C4280203	[1]
C4280204	[1]
C4280205	[1]
C4280206	[1]
C4280207	[1]
C4280208	[1]
C4280209	[1]
C4280247	[1]
C4280248	[1]
C4280249	[1]
C4284828	[1, 1, 1, 1, 1, 1, 1, 1]
C4288851	[1, 1]
C4288863	[1, 1]
C4289273	[1, 1]
C4289827	[1, 1]
C4289913	[1, 1]
C4291925	[1]
C4291926	[1]
C4291927	[1]
C4291928	[1]
C4291931	[1]
C4291932	[1]
C4291933	[1]
C4291934	[1]
C4291935	[1]
C4291937	[1]
C4291938	[1]
C4291939	[1, 1]
C4291940	[1]
C4291941	[1]
C4291942	[1]
C4291943	[1]
C4291944	[1]
C4291945	[1]
C4291946	[1]
C4292373	[1]
C4301924	[1]
C4302556	[1, 1, 1, 1]
C4302589	[1, 1]
C4302618	[1, 1, 1]
C4302779	[1, 1]
C4302780	[1, 1]
C4302781	[1, 1]
C4302782	[1, 1]
C4302783	[1, 1, 1, 1, 1]
C4318494	[1, 1, 1, 1]
C4318495	[1, 1]
C4329799	[1, 1]
C4330791	[1, 1, 1, 1]
C4331452	[1, 1, 1]
C4480272	[1, 1]
C4480273	[1, 1]
C4480274	[1, 1]
C4480275	[1, 1]
C4480276	[1, 1]
C4480277	[1, 1]
C4482330	[1, 1, 1]
C4483086	[1, 1, 1, 1]
C4489278	[1]
C4489279	[1]
C4489282	[1]
C4489283	[1]
C4489284	[1]
C4489285	[1, 1, 1]
C4505497	[1, 1]
C4520325	[1, 1, 1]
C4520469	[1, 1]
C4520471	[1, 1]
C4520473	[1, 1]
C4520474	[1, 1]
C4520475	[1, 1]
C4520487	[1, 1]
C4520677	[1, 1, 1]
C4522322	[1, 1]
C4524272	[1]
C4524273	[1]
C4524274	[1]
C4524275	[1]
C4524276	[1]
C4524277	[1]
C4524278	[1]
C4524280	[1]
C4524526	[1, 1]
C4524527	[1, 1]
C4524528	[1, 1]
C4524541	[1, 1, 1, 1]
C4524542	[1, 1]
C4524543	[1, 1]
C4524544	[1, 1]
C4524545	[1, 1]
C4524546	[1, 1]
C4524547	[1, 1]
C4524548	[1, 1]
C4524549	[1, 1]
C4524558	[1, 1]
C4524559	[1, 1, 1]
C4524560	[1, 1]
C4524561	[1, 1]
C4524562	[1, 1]
C4524563	[1, 1]
C4524567	[1, 1]
C4524568	[1, 1]
C4524851	[1, 1, 1]
C4525401	[1, 1]
C4525402	[1, 1]
C4528650	[1, 1]
C4534322	[1]
C4534323	[1]
C4534325	[1]
C4537703	[1, 1]
C4537830	[1, 1, 1]
C4542580	[1]
C4546455	[1]
C4546456	[1]
C4546457	[1]
C4546458	[1]
C4684595	[1, 1, 1, 1, 1, 1]
C4684837	[1, 1, 1]
C4695777	[1, 1, 1]
C4697037	[1, 1, 1]
C4698123	[1]
C4699043	[1]
C4699044	[1]
C4699045	[1]
C4699046	[1]
C4699047	[1]
C4699048	[1]
C4699049	[1]
C4699050	[1]
C4699051	[1]
C4699052	[1]
C4699053	[1]
C4699217	[1]
C4699219	[1]
C4699294	[1]
C4699334	[1]
C4699412	[1]
C4699413	[1]
C4699821	[1]
C4700028	[1]
C4700397	[1, 1, 1]
C4700398	[1, 1, 1]
C4700399	[1, 1, 1]
C4700400	[1, 1, 1]
C4700401	[1, 1, 1]
C4700402	[1, 1, 1]
C4700403	[1, 1, 1]
C4700404	[1, 1, 1]
C4700405	[1, 1, 1]
C4700406	[1, 1, 1]
C4700407	[1, 1, 1]
C4700411	[1, 1, 1]
C4700412	[1, 1, 1]
C4700414	[1, 1, 1]
C4700415	[1, 1, 1]
C4700416	[1, 1, 1]
C4700417	[1, 1, 1]
C4700418	[1, 1, 1]
C4700419	[1, 1, 1]
C4700420	[1, 1, 1]
C4700421	[1, 1, 1]
C4700422	[1, 1, 1]
C4700423	[1, 1, 1]
C4700424	[1, 1, 1]
C4700425	[1, 1, 1]
C4700426	[1, 1, 1]
C4700427	[1, 1, 1]
C4700429	[1, 1, 1]
C4700430	[1, 1, 1]
C4700433	[1, 1, 1]
C4700434	[1, 1, 1]
C4700435	[1, 1, 1]
C4700436	[1, 1, 1]
C4700437	[1, 1, 1]
C4700439	[1, 1, 1]
C4700440	[1, 1, 1]
C4700442	[1, 1, 1]
C4700443	[1, 1, 1]
C4704686	[1, 1, 1, 1]
C4722115	[1, 1, 1]
C4722132	[1, 1, 1]
C4722399	[1, 1, 1]
C4722412	[1, 1, 1]
C4722627	[1, 1, 1]
C4723826	[1, 1, 1]
C4724577	[1, 1, 1, 1]
C4725957	[1, 1, 1]
C4727086	[1, 1, 1]
C4727113	[1, 1, 1]
C4727407	[1, 1]
C4744965	[1, 1]
C4760630	[1, 1, 1, 1, 1, 1, 1, 1]
C4761324	[1, 1, 1, 1]
C4763567	[1, 1, 1]
C4763568	[1, 1, 1]
C4763569	[1, 1, 1]
C4763630	[1, 1, 1]
C4763632	[1, 1]
C4763634	[1, 1, 1]
C4764268	[1, 1, 1, 1]
C5141507	[1, 1, 1]
C5142892	[1]
C5187146	[1, 1]
C5191291	[1, 1]
C5191292	[1, 1]
C5191294	[1, 1, 1]
C5191295	[1, 1]
C5191296	[1, 1]
C5191299	[1, 1]
C5191301	[1, 1]
C5191302	[1, 1]
C5191303	[1, 1, 1]
C5191304	[1, 1, 1]
C5197923	[1, 1, 1, 1]
C5200851	[1]
C5200852	[1]
C5203665	[1, 1, 1]
C5203666	[1, 1, 1]
C5203667	[1, 1, 1]
C5214442	[1]
C5214445	[1]
C5214446	[1]
C5214447	[1]
C5214448	[1]
C5214449	[1]
C5216344	[1]
C5216345	[1]
C5216346	[1]
C5216347	[1]
C5216348	[1]
C5216349	[1]
C5216350	[1]
C5216351	[1]
C5216352	[1]
C5216355	[1]
C5216359	[1]
C5220968	[1]
C5224013	[1, 1, 1]
C5224014	[1, 1, 1]
C5229377	[1, 1]
C5229378	[1, 1]
C5229379	[1, 1]
C5229471	[1, 1]
C5229472	[1, 1]
C5229473	[1, 1]
C5229474	[1, 1]
C5229475	[1, 1]
C5229476	[1, 1]
C5229477	[1, 1]
C5229979	[1, 1, 1]
C5229980	[1, 1]
C5229981	[1, 1]
C5229982	[1, 1]
C5230689	[1, 1, 1, 1, 1]
C5230763	[1, 1]
C5230764	[1, 1]
C5236015	[1, 1]
C5236160	[1, 1, 1]
C5236995	[1, 1, 1, 1]
C5238433	[1]
C5239202	[1, 1, 1]
C5239203	[1, 1, 1]
C5239204	[1, 1]
C5239205	[1, 1]
C5239206	[1, 1, 1, 1, 1]
C5239207	[1, 1]
C5239208	[1, 1]
C5239589	[1, 1]
C5240560	[1, 1, 1, 1]
C5392123	[1, 1, 1, 1, 1, 1, 1, 1, 1, 1, 1, 1]
C5395254	[1, 1, 1]
C5395445	[1, 1]
C5395569	[1, 1]
C5395570	[1, 1]
C5395571	[1, 1]
C5395572	[1, 1, 1]
C5395573	[1, 1]
C5395574	[1, 1]
C5395630	[1, 1]
C5395631	[1, 1]
C5395632	[1, 1, 1]
C5399740	[1]
C5400794	[1, 1, 1, 1]
C5416728	[1]
C5418894	[1, 1, 1]
C5420083	[1, 1, 1, 1]
C5420268	[1, 1, 1]
C5420325	[1, 1, 1]
C5420356	[1, 1, 1]
C5427592	[1]
C5431833	[1, 1, 1]
C5440877	[1]
C5440878	[1, 1, 1]
C5440892	[1, 1]
C5446604	[1, 1]
C5446605	[1, 1]
C5446608	[1, 1, 1]
C5447593	[1, 1]
C5447763	[1, 1]
C5447931	[1, 1, 1, 1]
C5447932	[1, 1]
C5447933	[1, 1, 1, 1, 1]
C5452730	[1]
C5452850	[1]
C5452851	[1]
C5452852	[1]
C5452853	[1]
C5452854	[1]
C5452855	[1]
C5452856	[1]
C5452857	[1]
C5452858	[1]
C5452859	[1]
C5452860	[1]
C5452861	[1]
C5452862	[1]
C5452863	[1]
C5452864	[1]
C5452865	[1]
C5452866	[1]
C5452867	[1]
C5452868	[1]
C5452869	[1]
C5452870	[1]
C5453199	[1]
C5453884	[1, 1]
C5545727	[1, 1]
C5546621	[1, 1]
C5548388	[1, 1]
C5548389	[1, 1]
C5548392	[1, 1]
C5548393	[1, 1]
C5549981	[1, 1]
C5550895	[1]
C5550896	[1]
C5550897	[1]
C5550898	[1]
