BE0000048	[1]
BE0000767	[1]
BE0000901	[1]
BE0002094	[1]
BE0002095	[1]
BE0002096	[1]
BE0002097	[1]
BE0000710	[1]
BE0002098	[1]
BE0004796	[1]
BE0000658	[1]
BE0000651	[1]
BE0002102	[1]
BE0000704	[1]
BE0002099	[1]
BE0002100	[1]
BE0001087	[1]
BE0009995	[1]
BE0000203	[1]
BE0000385	[1]
BE0000661	[1]
BE0000211	[1]
BE0000538	[1]
BE0000717	[1]
BE0000240	[1]
BE0000625	[1]
BE0000654	[1]
BE0000969	[1]
BE0002112	[1]
BE0000942	[1]
BE0001656	[1]
BE0002113	[1]
BE0000134	[1]
BE0000431	[1]
BE0000793	[1]
BE0000628	[1]
BE0001036	[1]
BE0002115	[1]
BE0002116	[1]
BE0002114	[1]
BE0004798	[1]
BE0000490	[1]
BE0000216	[1]
BE0000364	[1]
BE0001043	[1]
BE0002117	[1]
BE0002118	[1]
BE0001098	[1]
BE0002109	[1]
BE0001011	[1]
BE0002119	[1]
BE0002110	[1]
BE0002120	[1]
BE0000565	[1]
BE0004684	[1]
BE0003455	[1]
BE0004685	[1]
BE0004686	[1]
BE0000855	[1]
BE0000033	[1]
BE0000858	[1]
BE0001123	[1]
BE0001147	[1]
BE0002126	[1]
BE0002104	[1]
BE0002105	[1]
BE0001170	[1]
BE0000387	[1]
BE0000711	[1]
BE0000467	[1]
BE0000293	[1]
BE0000165	[1]
BE0000773	[1]
BE0000967	[1]
BE0000403	[1]
BE0000333	[1]
BE0001178	[1]
BE0000416	[1]
BE0000748	[1]
BE0002131	[1]
BE0001031	[1]
BE0000527	[1]
BE0002134	[1]
BE0000857	[1]
BE0002137	[1]
BE0002136	[1]
BE0002138	[1]
BE0000015	[1]
BE0002139	[1]
BE0001164	[1]
BE0000025	[1]
BE0002140	[1]
BE0002130	[1]
BE0004823	[1]
BE0000075	[1]
BE0000345	[1]
BE0004806	[1]
BE0001155	[1]
BE0000439	[1]
BE0001068	[1]
BE0000016	[1]
BE0000041	[1]
BE0001151	[1]
BE0000943	[1]
BE0001129	[1]
BE0002142	[1]
BE0001161	[1]
BE0000674	[1]
BE0004842	[1]
BE0000394	[1]
BE0004828	[1]
BE0000917	[1]
BE0009576	[1]
BE0000844	[1]
BE0004821	[1]
BE0000984	[1]
BE0000511	[1]
BE0000066	[1]
BE0003456	[1]
BE0000274	[1]
BE0003457	[1]
BE0003458	[1]
BE0004837	[1]
BE0010021	[1]
BE0000390	[1]
BE0003572	[1]
BE0004834	[1]
BE0004835	[1]
BE0004836	[1]
BE0000928	[1]
BE0000083	[1]
BE0000568	[1]
BE0004822	[1]
BE0000379	[1]
BE0002143	[1]
BE0001014	[1]
BE0001399	[1]
BE0000719	[1]
BE0000516	[1]
BE0009967	[1]
BE0000598	[1]
BE0003573	[1]
BE0000846	[1]
BE0003488	[1]
BE0003575	[1]
BE0003576	[1]
BE0001021	[1]
BE0000205	[1]
BE0000852	[1]
BE0000910	[1]
BE0004830	[1]
BE0010008	[1]
BE0000590	[1]
BE0001085	[1]
BE0000398	[1]
BE0000686	[1]
BE0002093	[1]
BE0000163	[1]
BE0000107	[1]
BE0000102	[1]
BE0000378	[1]
BE0000323	[1]
BE0000392	[1]
BE0000331	[1]
BE0000151	[1]
BE0000529	[1]
BE0000424	[1]
BE0000404	[1]
BE0000727	[1]
BE0000253	[1]
BE0000181	[1]
BE0000778	[1]
BE0000692	[1]
BE0000273	[1]
BE0000007	[1]
BE0000660	[1]
BE0000079	[1]
BE0000002	[1]
BE0000448	[1]
BE0000164	[1]
BE0000518	[1]
BE0000618	[1]
BE0000667	[1]
BE0000603	[1]
BE0000409	[1]
BE0000316	[1]
BE0000278	[1]
BE0000441	[1]
BE0000791	[1]
BE0000517	[1]
BE0000721	[1]
BE0002149	[1]
BE0000383	[1]
BE0002150	[1]
BE0000916	[1]
BE0002151	[1]
BE0002152	[1]
BE0002154	[1]
BE0002155	[1]
BE0002156	[1]
BE0002158	[1]
BE0002159	[1]
BE0002160	[1]
BE0002162	[1]
BE0002163	[1]
BE0004605	[1]
BE0004612	[1]
BE0002164	[1]
BE0002165	[1]
BE0000292	[1]
BE0000898	[1]
BE0002166	[1]
BE0002167	[1]
BE0002168	[1]
BE0002170	[1]
BE0000388	[1]
BE0002171	[1]
BE0002172	[1]
BE0002173	[1]
BE0002174	[1]
BE0000734	[1]
BE0000777	[1]
BE0000763	[1]
BE0000320	[1]
BE0002175	[1]
BE0002176	[1]
BE0000617	[1]
BE0000268	[1]
BE0000010	[1]
BE0000933	[1]
BE0000822	[1]
BE0001240	[1]
BE0002177	[1]
BE0000740	[1]
BE0000285	[1]
BE0000086	[1]
BE0000372	[1]
BE0000101	[1]
BE0000304	[1]
BE0000407	[1]
BE0002089	[1]
BE0008997	[1]
BE0005015	[1]
BE0000449	[1]
BE0000178	[1]
BE0000386	[1]
BE0000046	[1]
BE0000174	[1]
BE0000440	[1]
BE0000098	[1]
BE0000088	[1]
BE0000195	[1]
BE0000361	[1]
BE0000669	[1]
BE0000698	[1]
BE0000789	[1]
BE0000038	[1]
BE0000753	[1]
BE0000028	[1]
BE0000561	[1]
BE0000614	[1]
BE0000544	[1]
BE0000159	[1]
BE0000072	[1]
BE0000702	[1]
BE0000445	[1]
BE0000492	[1]
BE0000626	[1]
BE0000494	[1]
BE0000426	[1]
BE0000615	[1]
BE0002179	[1]
BE0002180	[1]
BE0002181	[1]
BE0002186	[1]
BE0002341	[1]
BE0000212	[1]
BE0000052	[1]
BE0000136	[1]
BE0000562	[1]
BE0000198	[1]
BE0000263	[1]
BE0000520	[1]
BE0000005	[1]
BE0000758	[1]
BE0000671	[1]
BE0001361	[1]
BE0001225	[1]
BE0002192	[1]
BE0002195	[1]
BE0002197	[1]
BE0000138	[1]
BE0002200	[1]
BE0002202	[1]
BE0002206	[1]
BE0002208	[1]
BE0000060	[1]
BE0002210	[1]
BE0002203	[1]
BE0002205	[1]
BE0002213	[1]
BE0002215	[1]
BE0000087	[1]
BE0002221	[1]
BE0002223	[1]
BE0002217	[1]
BE0002211	[1]
BE0002219	[1]
BE0000964	[1]
BE0000566	[1]
BE0000509	[1]
BE0000172	[1]
BE0000694	[1]
BE0003317	[1]
BE0003751	[1]
BE0000277	[1]
BE0000187	[1]
BE0000219	[1]
BE0000481	[1]
BE0000725	[1]
BE0000235	[1]
BE0000528	[1]
BE0002225	[1]
BE0002228	[1]
BE0001054	[1]
BE0000788	[1]
BE0002229	[1]
BE0002230	[1]
BE0009692	[1]
BE0000306	[1]
BE0000286	[1]
BE0000371	[1]
BE0000258	[1]
BE0000201	[1]
BE0000347	[1]
BE0000874	[1]
BE0000374	[1]
BE0002240	[1]
BE0000958	[1]
BE0000487	[1]
BE0000254	[1]
BE0001473	[1]
BE0001287	[1]
BE0000350	[1]
BE0000677	[1]
BE0000269	[1]
BE0000639	[1]
BE0002431	[1]
BE0003540	[1]
BE0004907	[1]
BE0000888	[1]
BE0002246	[1]
BE0000986	[1]
BE0001023	[1]
BE0000071	[1]
BE0001777	[1]
BE0001007	[1]
BE0000215	[1]
BE0000412	[1]
BE0009936	[1]
BE0009375	[1]
BE0000063	[1]
BE0001534	[1]
BE0000845	[1]
BE0002249	[1]
BE0000363	[1]
BE0000230	[1]
BE0000779	[1]
BE0008987	[1]
BE0000030	[1]
BE0000035	[1]
BE0002258	[1]
BE0000152	[1]
BE0000370	[1]
BE0003327	[1]
BE0000595	[1]
BE0000259	[1]
BE0002263	[1]
BE0002265	[1]
BE0002266	[1]
BE0000391	[1]
BE0000109	[1]
BE0000824	[1]
BE0000833	[1]
BE0000827	[1]
BE0000828	[1]
BE0000834	[1]
BE0000835	[1]
BE0002267	[1]
BE0002268	[1]
BE0002235	[1]
BE0000396	[1]
BE0000825	[1]
BE0000188	[1]
BE0001115	[1]
BE0000884	[1]
BE0000166	[1]
BE0002270	[1]
BE0000755	[1]
BE0000321	[1]
BE0000365	[1]
BE0000700	[1]
BE0002271	[1]
BE0000760	[1]
BE0000417	[1]
BE0000454	[1]
BE0002272	[1]
BE0002244	[1]
BE0002274	[1]
BE0000641	[1]
BE0000073	[1]
BE0000003	[1]
BE0002277	[1]
BE0004640	[1]
BE0000180	[1]
BE0000346	[1]
BE0000640	[1]
BE0000606	[1]
BE0000602	[1]
BE0000829	[1]
BE0000831	[1]
BE0000830	[1]
BE0000823	[1]
BE0000826	[1]
BE0000832	[1]
BE0002279	[1]
BE0001167	[1]
BE0002281	[1]
BE0002189	[1]
BE0002282	[1]
BE0002283	[1]
BE0000889	[1]
BE0001189	[1]
BE0002284	[1]
BE0001135	[1]
BE0002285	[1]
BE0002286	[1]
BE0001825	[1]
BE0002287	[1]
BE0002289	[1]
BE0002290	[1]
BE0002291	[1]
BE0002292	[1]
BE0000962	[1]
BE0001117	[1]
BE0000648	[1]
BE0000185	[1]
BE0000807	[1]
BE0000808	[1]
BE0000809	[1]
BE0000810	[1]
BE0000811	[1]
BE0000812	[1]
BE0000813	[1]
BE0000814	[1]
BE0000815	[1]
BE0000816	[1]
BE0000817	[1]
BE0000818	[1]
BE0000819	[1]
BE0000820	[1]
BE0000821	[1]
BE0000747	[1]
BE0000058	[1]
BE0002638	[1]
BE0009997	[1]
BE0002296	[1]
BE0002297	[1]
BE0002299	[1]
BE0002300	[1]
BE0002301	[1]
BE0001001	[1]
BE0001132	[1]
BE0001099	[1]
BE0000673	[1]
BE0000189	[1]
BE0000998	[1]
BE0002303	[1]
BE0002304	[1]
BE0002305	[1]
BE0002306	[1]
BE0002307	[1]
BE0002309	[1]
BE0000534	[1]
BE0000433	[1]
BE0000055	[1]
BE0000414	[1]
BE0000745	[1]
BE0000042	[1]
BE0000714	[1]
BE0000171	[1]
BE0000082	[1]
BE0000410	[1]
BE0000375	[1]
BE0000567	[1]
BE0000204	[1]
BE0000613	[1]
BE0000450	[1]
BE0000769	[1]
BE0002311	[1]
BE0001343	[1]
BE0000228	[1]
BE0000701	[1]
BE0001145	[1]
BE0002312	[1]
BE0000569	[1]
BE0000157	[1]
BE0004902	[1]
BE0000017	[1]
BE0000262	[1]
BE0000608	[1]
BE0000766	[1]
BE0000067	[1]
BE0002313	[1]
BE0002314	[1]
BE0002315	[1]
BE0002316	[1]
BE0001092	[1]
BE0000234	[1]
BE0002317	[1]
BE0000645	[1]
BE0000227	[1]
BE0000299	[1]
BE0000360	[1]
BE0000465	[1]
BE0000400	[1]
BE0000522	[1]
BE0000208	[1]
BE0000297	[1]
BE0000009	[1]
BE0000317	[1]
BE0000780	[1]
BE0000425	[1]
BE0000148	[1]
BE0000408	[1]
BE0000100	[1]
BE0000149	[1]
BE0000068	[1]
BE0000586	[1]
BE0000377	[1]
BE0000328	[1]
BE0000175	[1]
BE0000589	[1]
BE0000128	[1]
BE0000336	[1]
BE0000574	[1]
BE0000604	[1]
BE0000161	[1]
BE0000184	[1]
BE0000771	[1]
BE0000559	[1]
BE0000011	[1]
BE0000194	[1]
BE0000006	[1]
BE0000570	[1]
BE0000357	[1]
BE0000578	[1]
BE0000438	[1]
BE0000722	[1]
BE0000592	[1]
BE0000552	[1]
BE0000662	[1]
BE0000126	[1]
BE0000329	[1]
BE0000059	[1]
BE0000051	[1]
BE0000761	[1]
BE0000260	[1]
BE0000133	[1]
BE0000131	[1]
BE0000622	[1]
BE0000044	[1]
BE0000193	[1]
BE0000231	[1]
BE0000718	[1]
BE0000554	[1]
BE0000720	[1]
BE0000287	[1]
BE0000583	[1]
BE0000479	[1]
BE0000446	[1]
BE0000542	[1]
BE0000513	[1]
BE0000600	[1]
BE0000135	[1]
BE0000728	[1]
BE0000225	[1]
BE0000609	[1]
BE0000571	[1]
BE0000741	[1]
BE0000762	[1]
BE0000330	[1]
BE0000162	[1]
BE0000031	[1]
BE0000220	[1]
BE0000655	[1]
BE0000196	[1]
BE0000307	[1]
BE0000244	[1]
BE0000160	[1]
BE0000541	[1]
BE0000551	[1]
BE0000540	[1]
BE0000503	[1]
BE0000008	[1]
BE0000473	[1]
BE0000305	[1]
BE0000272	[1]
BE0000081	[1]
BE0000401	[1]
BE0000224	[1]
BE0000348	[1]
BE0000580	[1]
BE0000169	[1]
BE0000213	[1]
BE0000545	[1]
BE0000550	[1]
BE0000367	[1]
BE0000684	[1]
BE0000676	[1]
BE0000173	[1]
BE0000338	[1]
BE0000493	[1]
BE0000245	[1]
BE0000295	[1]
BE0000284	[1]
BE0000427	[1]
BE0000512	[1]
BE0000596	[1]
BE0000729	[1]
BE0000243	[1]
BE0000313	[1]
BE0000376	[1]
BE0000027	[1]
BE0000737	[1]
BE0000191	[1]
BE0000754	[1]
BE0000089	[1]
BE0000500	[1]
BE0000485	[1]
BE0000137	[1]
BE0000525	[1]
BE0000093	[1]
BE0000319	[1]
BE0000037	[1]
BE0000421	[1]
BE0000065	[1]
BE0000096	[1]
BE0000735	[1]
BE0000587	[1]
BE0000344	[1]
BE0000252	[1]
BE0000652	[1]
BE0000271	[1]
BE0003405	[1]
BE0000996	[1]
BE0000688	[1]
BE0001821	[1]
BE0002318	[1]
BE0000536	[1]
BE0000294	[1]
BE0000480	[1]
BE0000223	[1]
BE0000726	[1]
BE0002319	[1]
BE0002320	[1]
BE0002321	[1]
BE0000032	[1]
BE0002322	[1]
BE0002323	[1]
BE0000900	[1]
BE0000593	[1]
BE0005056	[1]
BE0009878	[1]
BE0000956	[1]
BE0000872	[1]
BE0000248	[1]
BE0002324	[1]
BE0002325	[1]
BE0002326	[1]
BE0000076	[1]
BE0000339	[1]
BE0000256	[1]
BE0000040	[1]
BE0002327	[1]
BE0000094	[1]
BE0002328	[1]
BE0000573	[1]
BE0000491	[1]
BE0000395	[1]
BE0000582	[1]
BE0000713	[1]
BE0002329	[1]
BE0000380	[1]
BE0001184	[1]
BE0000724	[1]
BE0000435	[1]
BE0001032	[1]
BE0001168	[1]
BE0001069	[1]
BE0000119	[1]
BE0000359	[1]
BE0000202	[1]
BE0000434	[1]
BE0000459	[1]
BE0000261	[1]
BE0000750	[1]
BE0000469	[1]
BE0000428	[1]
BE0000341	[1]
BE0000310	[1]
BE0000746	[1]
BE0000665	[1]
BE0000264	[1]
BE0000703	[1]
BE0000437	[1]
BE0000599	[1]
BE0000207	[1]
BE0000139	[1]
BE0000018	[1]
BE0000675	[1]
BE0000772	[1]
BE0000014	[1]
BE0003640	[1]
BE0001188	[1]
BE0000785	[1]
BE0001195	[1]
BE0002379	[1]
BE0001209	[1]
BE0005435	[1]
BE0005499	[1]
BE0003160	[1]
BE0002253	[1]
BE0002330	[1]
BE0002331	[1]
BE0002332	[1]
BE0002333	[1]
BE0002334	[1]
BE0002335	[1]
BE0002336	[1]
BE0004615	[1]
BE0002337	[1]
BE0000423	[1]
BE0000723	[1]
BE0000115	[1]
BE0002007	[1]
BE0003786	[1]
BE0002791	[1]
BE0002755	[1]
BE0002706	[1]
BE0004323	[1]
BE0002792	[1]
BE0001128	[1]
BE0001229	[1]
BE0000236	[1]
BE0002338	[1]
BE0000607	[1]
BE0009976	[1]
BE0002366	[1]
BE0000749	[1]
BE0000090	[1]
BE0000062	[1]
BE0000221	[1]
BE0005831	[1]
BE0000685	[1]
BE0000794	[1]
BE0000217	[1]
BE0002340	[1]
BE0000118	[1]
BE0000647	[1]
BE0000867	[1]
BE0001044	[1]
BE0000486	[1]
BE0004888	[1]
BE0004872	[1]
BE0000756	[1]
BE0002196	[1]
BE0004909	[1]
BE0008661	[1]
BE0001158	[1]
BE0000849	[1]
BE0000850	[1]
BE0000738	[1]
BE0003585	[1]
BE0003586	[1]
BE0003587	[1]
BE0002343	[1]
BE0000411	[1]
BE0003588	[1]
BE0003584	[1]
BE0002090	[1]
BE0000519	[1]
BE0000045	[1]
BE0000092	[1]
BE0004797	[1]
BE0008668	[1]
BE0002348	[1]
BE0002347	[1]
BE0002198	[1]
BE0003476	[1]
BE0000197	[1]
BE0000770	[1]
BE0000533	[1]
BE0000632	[1]
BE0000420	[1]
BE0003438	[1]
BE0000384	[1]
BE0002081	[1]
BE0004956	[1]
BE0000013	[1]
BE0004864	[1]
BE0000308	[1]
BE0004499	[1]
BE0000458	[1]
BE0000233	[1]
BE0001204	[1]
BE0002088	[1]
BE0003722	[1]
BE0000584	[1]
BE0000914	[1]
BE0003200	[1]
BE0004800	[1]
BE0003521	[1]
BE0000238	[1]
BE0000340	[1]
BE0000936	[1]
BE0000924	[1]
BE0000739	[1]
BE0004922	[1]
BE0002385	[1]
BE0002406	[1]
BE0002407	[1]
BE0004914	[1]
BE0004874	[1]
BE0000241	[1]
BE0000354	[1]
BE0009789	[1]
BE0009927	[1]
BE0000560	[1]
BE0000182	[1]
BE0003556	[1]
BE0003557	[1]
BE0000210	[1]
BE0001131	[1]
BE0000563	[1]
BE0001153	[1]
BE0004674	[1]
BE0003408	[1]
BE0000110	[1]
BE0000206	[1]
BE0000144	[1]
BE0000078	[1]
BE0000707	[1]
BE0001040	[1]
BE0000663	[1]
BE0000501	[1]
BE0000575	[1]
BE0000715	[1]
BE0000270	[1]
BE0000349	[1]
BE0000502	[1]
BE0000281	[1]
BE0000442	[1]
BE0000659	[1]
BE0000797	[1]
BE0000460	[1]
BE0000291	[1]
BE0000644	[1]
BE0000429	[1]
BE0000366	[1]
BE0000742	[1]
BE0000664	[1]
BE0000708	[1]
BE0004854	[1]
BE0009847	[1]
BE0000218	[1]
BE0004852	[1]
BE0003888	[1]
BE0000576	[1]
BE0000691	[1]
BE0000267	[1]
BE0000322	[1]
BE0000535	[1]
BE0004655	[1]
BE0003768	[1]
BE0000436	[1]
BE0004136	[1]
BE0004668	[1]
BE0000795	[1]
BE0000381	[1]
BE0000523	[1]
BE0000478	[1]
BE0000471	[1]
BE0000764	[1]
BE0000325	[1]
BE0002450	[1]
BE0003613	[1]
BE0000546	[1]
BE0003614	[1]
BE0003615	[1]
BE0003617	[1]
BE0003616	[1]
BE0000250	[1]
BE0004901	[1]
BE0009631	[1]
BE0009739	[1]
BE0004863	[1]
BE0009632	[1]
BE0001154	[1]
BE0001075	[1]
BE0000020	[1]
BE0000145	[1]
BE0000451	[1]
BE0000581	[1]
BE0000389	[1]
BE0000476	[1]
BE0000945	[1]
BE0000650	[1]
BE0000289	[1]
BE0000572	[1]
BE0000342	[1]
BE0000405	[1]
BE0000247	[1]
BE0009860	[1]
BE0004688	[1]
BE0000393	[1]
BE0004889	[1]
BE0002087	[1]
BE0002086	[1]
BE0000141	[1]
BE0003635	[1]
BE0002082	[1]
BE0008715	[1]
BE0002084	[1]
BE0004799	[1]
BE0000123	[1]
BE0000792	[1]
BE0005001	[1]
BE0003740	[1]
BE0000132	[1]
BE0000019	[1]
BE0000415	[1]
BE0000635	[1]
BE0004803	[1]
BE0004815	[1]
BE0000803	[1]
BE0000733	[1]
BE0000806	[1]
BE0004810	[1]
BE0001185	[1]
BE0002393	[1]
BE0000430	[1]
BE0002354	[1]
BE0000864	[1]
BE0002396	[1]
BE0002359	[1]
BE0002355	[1]
BE0000112	[1]
BE0009738	[1]
BE0009793	[1]
BE0003625	[1]
BE0008718	[1]
BE0003577	[1]
BE0000588	[1]
BE0000488	[1]
BE0002063	[1]
BE0003685	[1]
BE0000925	[1]
BE0000530	[1]
BE0001133	[1]
BE0009002	[1]
BE0009003	[1]
BE0009004	[1]
BE0001717	[1]
BE0009005	[1]
BE0009006	[1]
BE0000687	[1]
BE0000315	[1]
BE0009045	[1]
BE0003603	[1]
BE0003604	[1]
BE0003663	[1]
BE0000177	[1]
BE0001143	[1]
BE0002083	[1]
BE0000776	[1]
BE0004801	[1]
BE0003570	[1]
BE0001162	[1]
BE0009991	[1]
BE0000837	[1]
BE0001176	[1]
BE0002639	[1]
BE0000876	[1]
BE0000610	[1]
BE0000422	[1]
BE0001028	[1]
BE0000199	[1]
BE0000167	[1]
BE0000324	[1]
BE0000557	[1]
BE0004024	[1]
BE0000064	[1]
BE0000514	[1]
BE0000312	[1]
BE0000103	[1]
BE0003579	[1]
BE0000001	[1]
BE0000744	[1]
BE0000303	[1]
BE0000679	[1]
BE0000154	[1]
BE0000680	[1]
BE0000462	[1]
BE0000699	[1]
BE0000026	[1]
BE0003629	[1]
BE0000881	[1]
BE0009727	[1]
BE0002480	[1]
BE0004643	[1]
BE0003624	[1]
BE0004644	[1]
BE0004335	[1]
BE0000084	[1]
BE0001012	[1]
BE0001039	[1]
BE0003605	[1]
BE0000897	[1]
BE0000781	[1]
BE0000146	[1]
BE0000156	[1]
BE0002398	[1]
BE0004882	[1]
BE0004890	[1]
BE0009629	[1]
BE0000556	[1]
BE0001640	[1]
BE0003560	[1]
BE0003561	[1]
BE0009434	[1]
BE0000591	[1]
BE0000122	[1]
BE0000034	[1]
BE0003887	[1]
BE0000311	[1]
BE0004958	[1]
BE0000298	[1]
BE0002386	[1]
BE0000695	[1]
BE0003721	[1]
BE0009744	[1]
BE0000483	[1]
BE0000455	[1]
BE0000790	[1]
BE0001444	[1]
BE0000553	[1]
BE0003537	[1]
BE0004805	[1]
BE0009993	[1]
BE0002360	[1]
BE0000121	[1]
BE0000143	[1]
BE0004669	[1]
BE0000666	[1]
BE0009737	[1]
BE0001015	[1]
BE0000953	[1]
BE0009672	[1]
BE0003848	[1]
BE0000539	[1]
BE0000343	[1]
BE0005582	[1]
BE0001248	[1]
BE0000475	[1]
BE0004809	[1]
BE0002425	[1]
BE0002226	[1]
BE0003563	[1]
BE0000973	[1]
BE0000012	[1]
BE0009351	[1]
BE0002705	[1]
BE0000497	[1]
BE0000190	[1]
BE0000024	[1]
BE0000495	[1]
BE0000507	[1]
BE0000732	[1]
BE0002357	[1]
BE0002358	[1]
BE0002356	[1]
BE0000668	[1]
BE0002346	[1]
BE0003592	[1]
BE0000634	[1]
BE0000036	[1]
BE0000023	[1]
BE0000369	[1]
BE0000147	[1]
BE0000453	[1]
BE0002411	[1]
BE0000029	[1]
BE0000283	[1]
BE0004660	[1]
BE0000402	[1]
BE0000280	[1]
BE0000775	[1]
BE0000804	[1]
BE0004290	[1]
BE0001018	[1]
BE0001134	[1]
BE0003379	[1]
BE0003618	[1]
BE0001304	[1]
BE0000477	[1]
BE0003542	[1]
BE0004887	[1]
BE0001045	[1]
BE0004258	[1]
BE0005827	[1]
BE0003686	[1]
BE0003687	[1]
BE0002344	[1]
BE0002345	[1]
BE0000129	[1]
BE0003578	[1]
BE0004778	[1]
BE0000693	[1]
BE0000419	[1]
BE0002204	[1]
BE0002010	[1]
BE0000637	[1]
BE0004650	[1]
BE0001544	[1]
BE0000929	[1]
BE0003474	[1]
BE0000279	[1]
BE0000919	[1]
BE0000127	[1]
BE0001349	[1]
BE0001358	[1]
BE0005191	[1]
BE0000301	[1]
BE0009978	[1]
BE0000866	[1]
BE0000061	[1]
BE0000095	[1]
BE0000705	[1]
BE0004552	[1]
BE0004881	[1]
BE0000418	[1]
BE0004879	[1]
BE0000630	[1]
BE0004755	[1]
BE0003517	[1]
BE0003403	[1]
BE0008982	[1]
BE0008981	[1]
BE0001193	[1]
BE0009698	[1]
BE0009126	[1]
BE0004950	[1]
BE0004698	[1]
BE0004699	[1]
BE0001066	[1]
BE0003645	[1]
BE0000879	[1]
BE0003646	[1]
BE0008388	[1]
BE0002449	[1]
BE0003478	[1]
BE0002674	[1]
BE0004826	[1]
BE0001088	[1]
BE0001283	[1]
BE0000290	[1]
BE0004896	[1]
BE0004904	[1]
BE0008954	[1]
BE0000510	[1]
BE0002833	[1]
BE0001340	[1]
BE0004789	[1]
BE0001367	[1]
BE0001487	[1]
BE0002128	[1]
BE0000970	[1]
BE0008996	[1]
BE0009043	[1]
BE0004670	[1]
BE0001046	[1]
BE0003621	[1]
BE0003622	[1]
BE0009685	[1]
BE0004524	[1]
BE0002994	[1]
BE0008382	[1]
BE0008383	[1]
BE0008386	[1]
BE0008387	[1]
BE0008392	[1]
BE0008384	[1]
BE0008385	[1]
BE0004897	[1]
BE0001391	[1]
BE0000474	[1]
BE0003610	[1]
BE0000585	[1]
BE0000498	[1]
BE0000334	[1]
BE0001198	[1]
BE0002214	[1]
BE0009609	[1]
BE0004661	[1]
BE0000057	[1]
BE0003527	[1]
BE0000521	[1]
BE0000043	[1]
BE0003709	[1]
BE0003708	[1]
BE0003710	[1]
BE0003582	[1]
BE0003583	[1]
BE0002437	[1]
BE0001653	[1]
BE0009965	[1]
BE0004808	[1]
BE0004814	[1]
BE0004802	[1]
BE0004813	[1]
BE0003711	[1]
BE0003713	[1]
BE0003712	[1]
BE0004840	[1]
BE0000116	[1]
BE0000757	[1]
BE0000106	[1]
BE0000496	[1]
BE0000097	[1]
BE0000579	[1]
BE0000373	[1]
BE0000179	[1]
BE0000406	[1]
BE0000657	[1]
BE0003201	[1]
BE0008969	[1]
BE0004149	[1]
BE0000351	[1]
BE0000678	[1]
BE0000353	[1]
BE0000752	[1]
BE0000895	[1]
BE0002194	[1]
BE0001062	[1]
BE0004353	[1]
BE0000229	[1]
BE0009094	[1]
BE0001171	[1]
BE0002659	[1]
BE0003428	[1]
BE0000982	[1]
BE0000332	[1]
BE0000466	[1]
BE0002436	[1]
BE0000461	[1]
BE0000257	[1]
BE0003707	[1]
BE0001120	[1]
BE0001165	[1]
BE0000266	[1]
BE0009998	[1]
BE0004743	[1]
BE0001104	[1]
BE0000853	[1]
BE0001124	[1]
BE0003565	[1]
BE0003323	[1]
BE0004829	[1]
BE0001183	[1]
BE0000836	[1]
BE0000526	[1]
BE0000783	[1]
BE0000980	[1]
BE0003567	[1]
BE0003568	[1]
BE0003569	[1]
BE0000594	[1]
BE0000712	[1]
BE0004657	[1]
BE0004658	[1]
BE0002352	[1]
BE0000882	[1]
BE0000472	[1]
BE0000731	[1]
BE0000242	[1]
BE0002353	[1]
BE0001192	[1]
BE0000356	[1]
BE0010000	[1]
BE0004877	[1]
BE0004895	[1]
BE0003790	[1]
BE0004833	[1]
BE0000689	[1]
BE0000326	[1]
BE0004520	[1]
BE0003837	[1]
BE0005562	[1]
BE0003580	[1]
BE0002361	[1]
BE0000621	[1]
BE0000158	[1]
BE0000499	[1]
BE0000555	[1]
BE0008389	[1]
BE0004862	[1]
BE0000099	[1]
BE0000995	[1]
BE0000296	[1]
BE0000709	[1]
BE0000624	[1]
BE0004906	[1]
BE0009743	[1]
BE0000892	[1]
BE0009880	[1]
BE0000155	[1]
BE0003518	[1]
BE0000548	[1]
BE0004915	[1]
BE0000577	[1]
BE0002517	[1]
BE0004807	[1]
BE0004818	[1]
BE0003392	[1]
BE0000484	[1]
BE0000697	[1]
BE0000653	[1]
BE0005828	[1]
BE0005829	[1]
BE0000314	[1]
BE0004284	[1]
BE0003480	[1]
BE0009044	[1]
BE0000114	[1]
BE0002252	[1]
BE0004653	[1]
BE0004651	[1]
BE0004652	[1]
BE0001105	[1]
BE0008391	[1]
BE0000047	[1]
BE0000140	[1]
BE0000276	[1]
BE0000601	[1]
BE0000971	[1]
BE0000091	[1]
BE0009711	[1]
BE0000968	[1]
BE0001090	[1]
BE0001206	[1]
BE0001177	[1]
BE0000885	[1]
BE0003602	[1]
BE0000368	[1]
BE0000743	[1]
BE0001002	[1]
BE0003446	[1]
BE0009014	[1]
BE0009015	[1]
BE0000920	[1]
BE0000642	[1]
BE0001116	[1]
BE0003690	[1]
BE0001182	[1]
BE0003689	[1]
BE0003691	[1]
BE0000966	[1]
BE0003692	[1]
BE0003693	[1]
BE0001637	[1]
BE0003694	[1]
BE0003695	[1]
BE0003696	[1]
BE0003697	[1]
BE0003698	[1]
BE0003699	[1]
BE0009742	[1]
BE0003701	[1]
BE0003702	[1]
BE0003703	[1]
BE0001403	[1]
BE0000633	[1]
BE0004038	[1]
BE0003559	[1]
BE0000069	[1]
BE0001893	[1]
BE0003997	[1]
BE0001601	[1]
BE0009788	[1]
BE0001096	[1]
BE0000681	[1]
BE0000282	[1]
BE0001261	[1]
BE0000117	[1]
BE0000799	[1]
BE0000798	[1]
BE0003634	[1]
BE0000880	[1]
BE0003558	[1]
BE0001186	[1]
BE0001122	[1]
BE0003416	[1]
BE0000468	[1]
BE0001024	[1]
BE0004350	[1]
BE0008983	[1]
BE0000947	[1]
BE0008670	[1]
BE0004952	[1]
BE0001051	[1]
BE0004903	[1]
BE0004716	[1]
BE0004827	[1]
BE0002419	[1]
BE0000896	[1]
BE0004925	[1]
BE0004926	[1]
BE0004927	[1]
BE0004928	[1]
BE0000716	[1]
BE0004878	[1]
BE0001086	[1]
BE0004924	[1]
BE0001029	[1]
BE0000050	[1]
BE0004825	[1]
BE0000120	[1]
BE0000629	[1]
BE0000130	[1]
BE0000399	[1]
BE0000085	[1]
BE0000049	[1]
BE0001030	[1]
BE0001114	[1]
BE0002218	[1]
BE0003593	[1]
BE0003594	[1]
BE0003595	[1]
BE0003596	[1]
BE0003597	[1]
BE0003599	[1]
BE0004706	[1]
BE0009586	[1]
BE0009583	[1]
BE0009585	[1]
BE0009584	[1]
BE0005108	[1]
BE0005190	[1]
BE0008999	[1]
BE0009011	[1]
BE0002375	[1]
BE0000249	[1]
BE0000192	[1]
BE0003636	[1]
BE0003637	[1]
BE0003638	[1]
BE0003626	[1]
BE0003627	[1]
BE0003628	[1]
BE0003630	[1]
BE0003631	[1]
BE0003632	[1]
BE0003633	[1]
BE0002441	[1]
BE0004435	[1]
BE0009695	[1]
BE0009696	[1]
BE0003522	[1]
BE0002378	[1]
BE0003688	[1]
BE0002442	[1]
BE0003539	[1]
BE0003380	[1]
BE0004876	[1]
BE0003469	[1]
BE0000444	[1]
BE0009668	[1]
BE0001027	[1]
BE0004689	[1]
BE0009669	[1]
BE0002887	[1]
BE0002433	[1]
BE0003536	[1]
BE0001944	[1]
BE0004951	[1]
BE0000802	[1]
BE0000105	[1]
BE0001078	[1]
BE0004812	[1]
BE0000631	[1]
BE0009008	[1]
BE0000515	[1]
BE0000327	[1]
BE0000113	[1]
BE0002390	[1]
BE0001109	[1]
BE0000907	[1]
BE0002400	[1]
BE0005819	[1]
BE0001191	[1]
BE0000875	[1]
BE0003552	[1]
BE0001246	[1]
BE0004923	[1]
BE0009748	[1]
BE0001009	[1]
BE0009853	[1]
BE0003566	[1]
BE0000125	[1]
BE0000690	[1]
BE0004873	[1]
BE0003719	[1]
BE0009016	[1]
BE0000077	[1]
BE0004941	[1]
BE0000801	[1]
BE0000800	[1]
BE0000558	[1]
BE0000959	[1]
BE0009666	[1]
BE0003724	[1]
BE0003725	[1]
BE0003726	[1]
BE0003727	[1]
BE0000765	[1]
BE0004659	[1]
BE0009142	[1]
BE0009376	[1]
BE0000246	[1]
BE0003591	[1]
BE0001025	[1]
BE0003756	[1]
BE0002388	[1]
BE0004654	[1]
BE0001047	[1]
BE0004851	[1]
BE0009851	[1]
BE0003554	[1]
BE0003555	[1]
BE0003553	[1]
BE0009827	[1]
BE0002804	[1]
BE0000854	[1]
BE0000683	[1]
BE0003620	[1]
BE0002459	[1]
BE0005034	[1]
BE0005047	[1]
BE0004608	[1]
BE0000232	[1]
BE0000382	[1]
BE0000871	[1]
BE0000021	[1]
BE0001077	[1]
BE0001081	[1]
BE0004775	[1]
BE0000464	[1]
BE0001159	[1]
BE0001203	[1]
BE0005820	[1]
BE0001121	[1]
BE0008716	[1]
BE0004428	[1]
BE0000612	[1]
BE0009811	[1]
BE0009812	[1]
BE0003959	[1]
BE0004319	[1]
BE0009940	[1]
BE0009941	[1]
BE0008669	[1]
BE0009961	[1]
BE0000979	[1]
BE0001095	[1]
BE0001074	[1]
BE0002374	[1]
BE0005187	[1]
BE0009710	[1]
BE0004782	[1]
BE0001868	[1]
BE0003395	[1]
BE0002392	[1]
BE0000142	[1]
BE0001200	[1]
BE0001080	[1]
BE0000948	[1]
BE0009972	[1]
BE0001979	[1]
BE0000923	[1]
BE0009012	[1]
BE0002365	[1]
BE0005808	[1]
BE0000951	[1]
BE0000736	[1]
BE0010002	[1]
BE0009850	[1]
BE0005295	[1]
BE0001100	[1]
BE0001169	[1]
BE0001680	[1]
BE0000186	[1]
BE0000993	[1]
BE0004003	[1]
BE0000759	[1]
BE0001004	[1]
BE0003659	[1]
BE0001207	[1]
BE0001694	[1]
BE0004957	[1]
BE0003475	[1]
BE0000074	[1]
BE0009966	[1]
BE0001042	[1]
BE0000672	[1]
BE0000987	[1]
BE0000944	[1]
BE0000838	[1]
BE0000841	[1]
BE0000842	[1]
BE0000840	[1]
BE0000891	[1]
BE0000839	[1]
BE0001284	[1]
BE0008998	[1]
BE0001356	[1]
BE0005587	[1]
BE0002453	[1]
BE0005539	[1]
BE0004742	[1]
BE0003775	[1]
BE0004315	[1]
BE0005595	[1]
BE0001019	[1]
BE0000843	[1]
BE0010009	[1]
BE0004819	[1]
BE0004820	[1]
BE0000856	[1]
BE0004494	[1]
BE0004831	[1]
BE0003623	[1]
BE0000859	[1]
BE0000860	[1]
BE0000861	[1]
BE0000847	[1]
BE0000848	[1]
BE0001026	[1]
BE0005551	[1]
BE0003720	[1]
BE0003723	[1]
BE0000930	[1]
BE0003486	[1]
BE0004430	[1]
BE0004816	[1]
BE0003426	[1]
BE0001065	[1]
BE0001152	[1]
BE0000983	[1]
BE0002464	[1]
BE0001091	[1]
BE0004593	[1]
BE0000904	[1]
BE0000899	[1]
BE0004314	[1]
BE0008955	[1]
BE0008993	[1]
BE0001140	[1]
BE0009000	[1]
BE0005813	[1]
BE0005814	[1]
BE0005812	[1]
BE0002468	[1]
BE0002469	[1]
BE0002470	[1]
BE0004849	[1]
BE0004905	[1]
BE0000918	[1]
BE0001094	[1]
BE0001208	[1]
BE0000908	[1]
BE0001034	[1]
BE0004647	[1]
BE0004648	[1]
BE0003676	[1]
BE0004811	[1]
BE0001223	[1]
BE0009963	[1]
BE0004908	[1]
BE0000443	[1]
BE0009708	[1]
BE0004841	[1]
BE0001063	[1]
BE0001638	[1]
BE0001607	[1]
BE0003598	[1]
BE0003619	[1]
BE0008725	[1]
BE0001608	[1]
BE0008990	[1]
BE0008991	[1]
BE0009013	[1]
BE0003175	[1]
BE0005817	[1]
BE0001683	[1]
BE0004528	[1]
BE0005807	[1]
BE0003106	[1]
BE0002467	[1]
BE0008980	[1]
BE0005844	[1]
BE0004590	[1]
BE0003844	[1]
BE0004542	[1]
BE0004779	[1]
BE0005815	[1]
BE0003523	[1]
BE0005833	[1]
BE0005834	[1]
BE0001003	[1]
BE0003491	[1]
BE0005835	[1]
BE0008994	[1]
BE0005770	[1]
BE0005538	[1]
BE0009047	[1]
BE0001060	[1]
BE0009048	[1]
BE0001213	[1]
BE0003449	[1]
BE0000922	[1]
BE0009049	[1]
BE0005852	[1]
BE0001119	[1]
BE0009069	[1]
BE0001529	[1]
BE0009050	[1]
BE0009070	[1]
BE0009071	[1]
BE0009072	[1]
BE0009051	[1]
BE0003266	[1]
BE0001701	[1]
BE0009053	[1]
BE0009054	[1]
BE0009055	[1]
BE0003503	[1]
BE0003504	[1]
BE0009073	[1]
BE0009074	[1]
BE0004672	[1]
BE0009075	[1]
BE0009076	[1]
BE0001180	[1]
BE0004161	[1]
BE0009057	[1]
BE0009077	[1]
BE0009058	[1]
BE0005097	[1]
BE0005098	[1]
BE0009078	[1]
BE0000616	[1]
BE0009079	[1]
BE0009080	[1]
BE0009060	[1]
BE0009081	[1]
BE0009082	[1]
BE0009083	[1]
BE0009084	[1]
BE0002440	[1]
BE0001017	[1]
BE0009061	[1]
BE0009062	[1]
BE0009085	[1]
BE0009086	[1]
BE0009063	[1]
BE0009087	[1]
BE0009088	[1]
BE0009064	[1]
BE0004613	[1]
BE0009089	[1]
BE0005533	[1]
BE0000952	[1]
BE0009090	[1]
BE0009067	[1]
BE0000209	[1]
BE0000337	[1]
BE0009092	[1]
BE0009093	[1]
BE0001148	[1]
BE0008485	[1]
BE0001568	[1]
BE0009681	[1]
BE0002015	[1]
BE0000997	[1]
BE0001224	[1]
BE0001084	[1]
BE0002815	[1]
BE0002488	[1]
BE0002489	[1]
BE0001533	[1]
BE0004582	[1]
BE0001219	[1]
BE0001222	[1]
BE0001217	[1]
BE0001335	[1]
BE0002490	[1]
BE0001218	[1]
BE0001221	[1]
BE0002491	[1]
BE0002492	[1]
BE0002493	[1]
BE0001501	[1]
BE0001950	[1]
BE0003728	[1]
BE0001111	[1]
BE0002494	[1]
BE0001215	[1]
BE0000957	[1]
BE0001226	[1]
BE0002495	[1]
BE0002496	[1]
BE0001250	[1]
BE0001228	[1]
BE0003531	[1]
BE0001739	[1]
BE0002497	[1]
BE0004526	[1]
BE0002498	[1]
BE0001238	[1]
BE0001266	[1]
BE0001232	[1]
BE0001258	[1]
BE0001247	[1]
BE0000605	[1]
BE0002499	[1]
BE0001267	[1]
BE0002001	[1]
BE0004531	[1]
BE0004462	[1]
BE0002500	[1]
BE0002148	[1]
BE0001231	[1]
BE0002006	[1]
BE0001233	[1]
BE0001270	[1]
BE0001260	[1]
BE0001272	[1]
BE0001242	[1]
BE0001288	[1]
BE0002501	[1]
BE0002502	[1]
BE0002503	[1]
BE0002504	[1]
BE0002505	[1]
BE0004525	[1]
BE0002506	[1]
BE0002507	[1]
BE0002508	[1]
BE0002509	[1]
BE0003074	[1]
BE0001234	[1]
BE0002510	[1]
BE0002511	[1]
BE0003806	[1]
BE0004034	[1]
BE0004035	[1]
BE0001263	[1]
BE0001253	[1]
BE0001227	[1]
BE0001256	[1]
BE0004460	[1]
BE0004467	[1]
BE0002000	[1]
BE0001271	[1]
BE0001237	[1]
BE0001254	[1]
BE0001255	[1]
BE0004477	[1]
BE0004536	[1]
BE0001244	[1]
BE0001262	[1]
BE0002512	[1]
BE0003738	[1]
BE0001243	[1]
BE0001245	[1]
BE0001265	[1]
BE0001249	[1]
BE0001239	[1]
BE0004504	[1]
BE0004527	[1]
BE0001251	[1]
BE0001259	[1]
BE0002513	[1]
BE0002050	[1]
BE0000623	[1]
BE0001378	[1]
BE0001379	[1]
BE0003767	[1]
BE0002051	[1]
BE0001402	[1]
BE0001398	[1]
BE0001144	[1]
BE0000865	[1]
BE0001211	[1]
BE0001456	[1]
BE0002514	[1]
BE0004446	[1]
BE0002515	[1]
BE0002516	[1]
BE0002518	[1]
BE0002519	[1]
BE0002520	[1]
BE0002521	[1]
BE0004597	[1]
BE0002522	[1]
BE0002523	[1]
BE0002524	[1]
BE0002525	[1]
BE0004441	[1]
BE0002526	[1]
BE0002527	[1]
BE0002528	[1]
BE0002529	[1]
BE0002530	[1]
BE0002531	[1]
BE0002532	[1]
BE0004586	[1]
BE0001712	[1]
BE0001382	[1]
BE0001277	[1]
BE0001372	[1]
BE0004438	[1]
BE0002031	[1]
BE0004320	[1]
BE0003739	[1]
BE0002533	[1]
BE0001401	[1]
BE0001296	[1]
BE0001311	[1]
BE0004584	[1]
BE0001289	[1]
BE0004570	[1]
BE0001097	[1]
BE0003789	[1]
BE0003791	[1]
BE0001294	[1]
BE0004044	[1]
BE0004045	[1]
BE0001346	[1]
BE0001327	[1]
BE0003425	[1]
BE0001370	[1]
BE0001413	[1]
BE0001347	[1]
BE0001336	[1]
BE0001417	[1]
BE0001352	[1]
BE0003195	[1]
BE0002557	[1]
BE0004529	[1]
BE0001377	[1]
BE0002558	[1]
BE0001321	[1]
BE0001424	[1]
BE0001292	[1]
BE0001504	[1]
BE0000994	[1]
BE0004436	[1]
BE0001264	[1]
BE0001306	[1]
BE0000927	[1]
BE0001541	[1]
BE0000886	[1]
BE0002559	[1]
BE0002560	[1]
BE0002561	[1]
BE0002016	[1]
BE0001396	[1]
BE0001326	[1]
BE0001350	[1]
BE0001345	[1]
BE0001351	[1]
BE0004482	[1]
BE0002004	[1]
BE0001394	[1]
BE0002562	[1]
BE0000906	[1]
BE0001721	[1]
BE0001405	[1]
BE0002563	[1]
BE0002564	[1]
BE0001353	[1]
BE0001338	[1]
BE0001320	[1]
BE0002565	[1]
BE0004496	[1]
BE0001393	[1]
BE0001371	[1]
BE0001407	[1]
BE0001386	[1]
BE0002566	[1]
BE0003758	[1]
BE0001310	[1]
BE0001298	[1]
BE0001323	[1]
BE0001355	[1]
BE0003836	[1]
BE0004151	[1]
BE0001365	[1]
BE0001362	[1]
BE0000931	[1]
BE0001297	[1]
BE0001357	[1]
BE0001282	[1]
BE0003417	[1]
BE0001303	[1]
BE0004515	[1]
BE0002630	[1]
BE0004498	[1]
BE0001334	[1]
BE0001419	[1]
BE0001521	[1]
BE0001910	[1]
BE0001901	[1]
BE0001934	[1]
BE0004501	[1]
BE0001421	[1]
BE0001404	[1]
BE0002567	[1]
BE0001278	[1]
BE0001300	[1]
BE0001627	[1]
BE0002654	[1]
BE0004433	[1]
BE0004242	[1]
BE0001273	[1]
BE0001380	[1]
BE0004558	[1]
BE0004457	[1]
BE0002584	[1]
BE0001329	[1]
BE0001416	[1]
BE0001425	[1]
BE0001408	[1]
BE0001415	[1]
BE0001388	[1]
BE0001359	[1]
BE0001275	[1]
BE0001313	[1]
BE0001291	[1]
BE0001293	[1]
BE0004033	[1]
BE0001855	[1]
BE0001319	[1]
BE0004187	[1]
BE0001363	[1]
BE0001342	[1]
BE0001072	[1]
BE0003418	[1]
BE0001400	[1]
BE0001325	[1]
BE0001374	[1]
BE0004508	[1]
BE0004574	[1]
BE0001409	[1]
BE0001307	[1]
BE0001790	[1]
BE0002637	[1]
BE0001337	[1]
BE0001317	[1]
BE0004171	[1]
BE0001422	[1]
BE0001328	[1]
BE0001301	[1]
BE0003761	[1]
BE0001339	[1]
BE0001308	[1]
BE0001302	[1]
BE0004001	[1]
BE0001387	[1]
BE0001322	[1]
BE0003783	[1]
BE0001997	[1]
BE0001366	[1]
BE0001281	[1]
BE0001525	[1]
BE0001613	[1]
BE0001778	[1]
BE0001988	[1]
BE0001792	[1]
BE0001668	[1]
BE0001905	[1]
BE0002624	[1]
BE0001966	[1]
BE0002640	[1]
BE0002641	[1]
BE0002642	[1]
BE0002643	[1]
BE0004623	[1]
BE0004470	[1]
BE0004569	[1]
BE0002644	[1]
BE0002645	[1]
BE0002646	[1]
BE0002647	[1]
BE0002648	[1]
BE0002649	[1]
BE0002650	[1]
BE0002651	[1]
BE0002652	[1]
BE0002653	[1]
BE0002655	[1]
BE0002656	[1]
BE0002657	[1]
BE0002658	[1]
BE0002660	[1]
BE0002661	[1]
BE0002662	[1]
BE0002663	[1]
BE0002664	[1]
BE0002665	[1]
BE0001368	[1]
BE0001285	[1]
BE0001381	[1]
BE0001397	[1]
BE0001475	[1]
BE0000597	[1]
BE0003893	[1]
BE0003890	[1]
BE0002666	[1]
BE0001414	[1]
BE0001276	[1]
BE0002005	[1]
BE0001384	[1]
BE0001392	[1]
BE0001318	[1]
BE0001364	[1]
BE0001175	[1]
BE0001412	[1]
BE0004000	[1]
BE0002667	[1]
BE0004459	[1]
BE0001420	[1]
BE0002351	[1]
BE0001290	[1]
BE0001360	[1]
BE0001376	[1]
BE0001634	[1]
BE0001375	[1]
BE0002009	[1]
BE0002668	[1]
BE0002042	[1]
BE0001279	[1]
BE0001299	[1]
BE0001331	[1]
BE0001418	[1]
BE0001348	[1]
BE0002669	[1]
BE0001395	[1]
BE0002670	[1]
BE0002671	[1]
BE0002672	[1]
BE0001314	[1]
BE0002003	[1]
BE0003274	[1]
BE0003275	[1]
BE0003276	[1]
BE0001531	[1]
BE0004479	[1]
BE0004545	[1]
BE0001333	[1]
BE0001916	[1]
BE0004476	[1]
BE0001899	[1]
BE0001666	[1]
BE0001741	[1]
BE0001750	[1]
BE0001856	[1]
BE0001757	[1]
BE0001823	[1]
BE0001716	[1]
BE0001953	[1]
BE0001383	[1]
BE0004578	[1]
BE0002675	[1]
BE0002676	[1]
BE0002677	[1]
BE0002678	[1]
BE0002679	[1]
BE0002680	[1]
BE0002681	[1]
BE0004583	[1]
BE0002682	[1]
BE0002683	[1]
BE0002684	[1]
BE0002685	[1]
BE0002686	[1]
BE0002687	[1]
BE0002688	[1]
BE0002689	[1]
BE0002690	[1]
BE0002575	[1]
BE0002025	[1]
BE0001344	[1]
BE0001410	[1]
BE0001108	[1]
BE0001369	[1]
BE0001309	[1]
BE0001423	[1]
BE0001390	[1]
BE0001199	[1]
BE0001341	[1]
BE0001316	[1]
BE0001373	[1]
BE0001315	[1]
BE0001385	[1]
BE0001312	[1]
BE0002691	[1]
BE0001466	[1]
BE0001474	[1]
BE0001546	[1]
BE0001455	[1]
BE0001520	[1]
BE0001389	[1]
BE0002692	[1]
BE0001555	[1]
BE0004544	[1]
BE0000950	[1]
BE0001433	[1]
BE0001438	[1]
BE0002693	[1]
BE0002694	[1]
BE0003355	[1]
BE0004195	[1]
BE0004196	[1]
BE0003505	[1]
BE0004538	[1]
BE0001486	[1]
BE0003132	[1]
BE0001512	[1]
BE0001506	[1]
BE0002695	[1]
BE0002696	[1]
BE0001440	[1]
BE0003872	[1]
BE0000890	[1]
BE0001082	[1]
BE0003819	[1]
BE0001557	[1]
BE0002544	[1]
BE0001561	[1]
BE0001707	[1]
BE0004281	[1]
BE0002052	[1]
BE0003362	[1]
BE0001523	[1]
BE0002697	[1]
BE0004547	[1]
BE0001539	[1]
BE0001451	[1]
BE0002699	[1]
BE0002011	[1]
BE0001516	[1]
BE0001436	[1]
BE0001484	[1]
BE0004295	[1]
BE0004296	[1]
BE0004297	[1]
BE0004298	[1]
BE0004299	[1]
BE0004300	[1]
BE0004301	[1]
BE0004478	[1]
BE0001210	[1]
BE0002012	[1]
BE0003734	[1]
BE0001503	[1]
BE0001480	[1]
BE0001594	[1]
BE0004563	[1]
BE0000939	[1]
BE0001441	[1]
BE0002231	[1]
BE0002700	[1]
BE0001448	[1]
BE0001450	[1]
BE0001443	[1]
BE0001430	[1]
BE0001274	[1]
BE0001999	[1]
BE0001548	[1]
BE0001535	[1]
BE0004036	[1]
BE0001452	[1]
BE0001507	[1]
BE0001426	[1]
BE0001556	[1]
BE0001458	[1]
BE0001553	[1]
BE0003970	[1]
BE0001481	[1]
BE0001509	[1]
BE0001465	[1]
BE0001510	[1]
BE0001505	[1]
BE0001472	[1]
BE0001537	[1]
BE0000915	[1]
BE0000870	[1]
BE0001464	[1]
BE0001491	[1]
BE0001462	[1]
BE0001485	[1]
BE0001972	[1]
BE0001651	[1]
BE0002702	[1]
BE0002703	[1]
BE0002704	[1]
BE0001559	[1]
BE0003881	[1]
BE0001524	[1]
BE0003766	[1]
BE0001447	[1]
BE0001220	[1]
BE0001461	[1]
BE0001917	[1]
BE0001513	[1]
BE0002707	[1]
BE0002708	[1]
BE0001502	[1]
BE0003780	[1]
BE0001442	[1]
BE0001998	[1]
BE0004111	[1]
BE0004486	[1]
BE0004629	[1]
BE0001429	[1]
BE0001428	[1]
BE0000214	[1]
BE0001454	[1]
BE0002709	[1]
BE0004444	[1]
BE0001536	[1]
BE0001540	[1]
BE0002711	[1]
BE0001076	[1]
BE0001514	[1]
BE0001477	[1]
BE0001496	[1]
BE0001449	[1]
BE0000941	[1]
BE0001515	[1]
BE0002713	[1]
BE0001560	[1]
BE0001459	[1]
BE0001532	[1]
BE0001483	[1]
BE0002714	[1]
BE0001786	[1]
BE0001547	[1]
BE0001476	[1]
BE0001500	[1]
BE0001427	[1]
BE0001551	[1]
BE0002715	[1]
BE0004273	[1]
BE0002716	[1]
BE0004104	[1]
BE0001469	[1]
BE0002002	[1]
BE0001432	[1]
BE0005561	[1]
BE0002008	[1]
BE0002606	[1]
BE0002717	[1]
BE0002057	[1]
BE0001457	[1]
BE0001411	[1]
BE0001471	[1]
BE0001468	[1]
BE0001517	[1]
BE0004050	[1]
BE0004051	[1]
BE0001519	[1]
BE0001488	[1]
BE0001286	[1]
BE0001498	[1]
BE0001530	[1]
BE0001490	[1]
BE0001197	[1]
BE0004502	[1]
BE0001492	[1]
BE0000960	[1]
BE0000935	[1]
BE0001528	[1]
BE0001583	[1]
BE0001435	[1]
BE0001494	[1]
BE0001538	[1]
BE0002085	[1]
BE0004631	[1]
BE0001545	[1]
BE0001497	[1]
BE0000975	[1]
BE0002730	[1]
BE0002731	[1]
BE0001554	[1]
BE0001478	[1]
BE0001550	[1]
BE0001527	[1]
BE0001489	[1]
BE0001437	[1]
BE0001439	[1]
BE0001467	[1]
BE0001552	[1]
BE0000004	[1]
BE0003543	[1]
BE0002732	[1]
BE0003797	[1]
BE0004543	[1]
BE0001446	[1]
BE0001511	[1]
BE0001508	[1]
BE0002733	[1]
BE0001010	[1]
BE0009962	[1]
BE0001445	[1]
BE0002014	[1]
BE0001434	[1]
BE0001526	[1]
BE0001460	[1]
BE0001687	[1]
BE0004145	[1]
BE0004338	[1]
BE0002734	[1]
BE0001055	[1]
BE0000988	[1]
BE0001330	[1]
BE0001056	[1]
BE0002844	[1]
BE0002735	[1]
BE0002736	[1]
BE0002737	[1]
BE0002738	[1]
BE0002739	[1]
BE0002740	[1]
BE0002741	[1]
BE0002059	[1]
BE0002058	[1]
BE0001567	[1]
BE0001847	[1]
BE0001935	[1]
BE0004581	[1]
BE0001762	[1]
BE0001947	[1]
BE0001671	[1]
BE0001698	[1]
BE0001772	[1]
BE0004512	[1]
BE0001654	[1]
BE0001728	[1]
BE0001734	[1]
BE0001625	[1]
BE0002060	[1]
BE0002078	[1]
BE0002830	[1]
BE0003024	[1]
BE0003241	[1]
BE0003242	[1]
BE0002948	[1]
BE0004492	[1]
BE0004592	[1]
BE0003243	[1]
BE0003244	[1]
BE0003245	[1]
BE0003246	[1]
BE0003070	[1]
BE0003212	[1]
BE0003247	[1]
BE0002951	[1]
BE0003248	[1]
BE0002635	[1]
BE0003169	[1]
BE0003072	[1]
BE0001008	[1]
BE0004472	[1]
BE0003249	[1]
BE0003250	[1]
BE0003251	[1]
BE0003165	[1]
BE0001295	[1]
BE0001107	[1]
BE0000926	[1]
BE0001996	[1]
BE0002017	[1]
BE0004352	[1]
BE0001631	[1]
BE0003882	[1]
BE0001073	[1]
BE0001880	[1]
BE0003957	[1]
BE0002742	[1]
BE0000787	[1]
BE0001907	[1]
BE0001584	[1]
BE0004172	[1]
BE0003941	[1]
BE0004530	[1]
BE0001898	[1]
BE0002743	[1]
BE0001732	[1]
BE0001867	[1]
BE0002744	[1]
BE0002745	[1]
BE0001839	[1]
BE0001644	[1]
BE0001661	[1]
BE0001522	[1]
BE0002020	[1]
BE0001801	[1]
BE0000124	[1]
BE0001904	[1]
BE0001626	[1]
BE0003895	[1]
BE0003896	[1]
BE0003897	[1]
BE0003898	[1]
BE0003899	[1]
BE0003900	[1]
BE0003901	[1]
BE0003902	[1]
BE0003903	[1]
BE0003904	[1]
BE0001912	[1]
BE0001811	[1]
BE0004639	[1]
BE0001883	[1]
BE0001782	[1]
BE0001885	[1]
BE0001600	[1]
BE0001816	[1]
BE0002023	[1]
BE0004533	[1]
BE0002746	[1]
BE0002747	[1]
BE0001887	[1]
BE0004475	[1]
BE0001913	[1]
BE0001652	[1]
BE0002789	[1]
BE0002790	[1]
BE0000991	[1]
BE0001241	[1]
BE0004564	[1]
BE0004112	[1]
BE0003823	[1]
BE0003824	[1]
BE0003825	[1]
BE0003826	[1]
BE0003827	[1]
BE0003828	[1]
BE0003829	[1]
BE0003830	[1]
BE0003831	[1]
BE0003832	[1]
BE0003833	[1]
BE0003834	[1]
BE0003835	[1]
BE0003753	[1]
BE0001575	[1]
BE0001871	[1]
BE0003810	[1]
BE0003750	[1]
BE0003749	[1]
BE0003811	[1]
BE0004143	[1]
BE0001831	[1]
BE0004565	[1]
BE0001827	[1]
BE0004037	[1]
BE0001894	[1]
BE0001431	[1]
BE0004497	[1]
BE0002794	[1]
BE0002795	[1]
BE0002013	[1]
BE0001667	[1]
BE0003983	[1]
BE0004560	[1]
BE0002367	[1]
BE0002368	[1]
BE0002796	[1]
BE0003278	[1]
BE0001669	[1]
BE0001748	[1]
BE0004106	[1]
BE0004093	[1]
BE0004107	[1]
BE0008984	[1]
BE0004500	[1]
BE0004325	[1]
BE0004326	[1]
BE0001902	[1]
BE0004144	[1]
BE0001643	[1]
BE0001771	[1]
BE0004302	[1]
BE0004303	[1]
BE0004304	[1]
BE0004305	[1]
BE0004306	[1]
BE0004307	[1]
BE0004308	[1]
BE0004309	[1]
BE0004310	[1]
BE0004311	[1]
BE0003732	[1]
BE0003731	[1]
BE0003733	[1]
BE0001691	[1]
BE0001212	[1]
BE0002018	[1]
BE0002019	[1]
BE0001578	[1]
BE0001832	[1]
BE0002805	[1]
BE0002806	[1]
BE0002807	[1]
BE0001892	[1]
BE0001493	[1]
BE0001581	[1]
BE0004027	[1]
BE0003894	[1]
BE0002101	[1]
BE0002604	[1]
BE0004618	[1]
BE0002810	[1]
BE0001156	[1]
BE0001891	[1]
BE0000909	[1]
BE0001641	[1]
BE0002811	[1]
BE0001865	[1]
BE0000302	[1]
BE0001571	[1]
BE0001686	[1]
BE0001804	[1]
BE0001033	[1]
BE0001967	[1]
BE0003986	[1]
BE0000335	[1]
BE0003385	[1]
BE0003987	[1]
BE0003988	[1]
BE0003989	[1]
BE0003990	[1]
BE0003991	[1]
BE0003992	[1]
BE0003993	[1]
BE0003994	[1]
BE0003995	[1]
BE0003996	[1]
BE0003999	[1]
BE0005788	[1]
BE0003094	[1]
BE0001881	[1]
BE0002812	[1]
BE0001604	[1]
BE0001911	[1]
BE0001890	[1]
BE0001869	[1]
BE0001796	[1]
BE0001800	[1]
BE0001542	[1]
BE0000309	[1]
BE0008985	[1]
BE0008988	[1]
BE0000878	[1]
BE0002461	[1]
BE0005467	[1]
BE0001057	[1]
BE0009095	[1]
BE0001590	[1]
BE0002818	[1]
BE0001873	[1]
BE0002819	[1]
BE0001752	[1]
BE0001818	[1]
BE0001877	[1]
BE0004550	[1]
BE0001889	[1]
BE0001596	[1]
BE0002256	[1]
BE0004060	[1]
BE0002216	[1]
BE0002822	[1]
BE0003777	[1]
BE0003778	[1]
BE0003779	[1]
BE0003482	[1]
BE0001789	[1]
BE0004434	[1]
BE0002061	[1]
BE0001914	[1]
BE0004053	[1]
BE0002377	[1]
BE0002823	[1]
BE0002824	[1]
BE0002825	[1]
BE0004455	[1]
BE0002826	[1]
BE0001760	[1]
BE0001799	[1]
BE0001876	[1]
BE0000981	[1]
BE0002024	[1]
BE0004021	[1]
BE0002829	[1]
BE0002718	[1]
BE0002831	[1]
BE0002832	[1]
BE0004442	[1]
BE0002834	[1]
BE0002835	[1]
BE0002788	[1]
BE0003814	[1]
BE0002837	[1]
BE0001696	[1]
BE0001071	[1]
BE0002838	[1]
BE0001769	[1]
BE0001675	[1]
BE0002022	[1]
BE0001906	[1]
BE0001857	[1]
BE0001614	[1]
BE0001688	[1]
BE0001896	[1]
BE0002839	[1]
BE0001838	[1]
BE0000869	[1]
BE0001900	[1]
BE0004461	[1]
BE0001706	[1]
BE0004141	[1]
BE0001543	[1]
BE0001703	[1]
BE0001674	[1]
BE0001897	[1]
BE0002840	[1]
BE0001679	[1]
BE0003805	[1]
BE0002841	[1]
BE0001909	[1]
BE0001895	[1]
BE0002842	[1]
BE0004473	[1]
BE0001677	[1]
BE0001593	[1]
BE0002843	[1]
BE0001903	[1]
BE0001908	[1]
BE0004008	[1]
BE0004009	[1]
BE0004010	[1]
BE0003925	[1]
BE0003926	[1]
BE0004011	[1]
BE0002845	[1]
BE0004075	[1]
BE0001764	[1]
BE0001745	[1]
BE0002846	[1]
BE0001672	[1]
BE0003955	[1]
BE0004488	[1]
BE0004571	[1]
BE0002851	[1]
BE0001269	[1]
BE0001257	[1]
BE0001235	[1]
BE0001592	[1]
BE0002852	[1]
BE0001580	[1]
BE0002850	[1]
BE0001332	[1]
BE0001609	[1]
BE0001815	[1]
BE0001805	[1]
BE0001650	[1]
BE0001828	[1]
BE0002870	[1]
BE0001830	[1]
BE0001875	[1]
BE0001886	[1]
BE0001655	[1]
BE0001879	[1]
BE0003549	[1]
BE0001864	[1]
BE0002871	[1]
BE0001587	[1]
BE0001623	[1]
BE0004585	[1]
BE0003945	[1]
BE0002062	[1]
BE0001605	[1]
BE0001723	[1]
BE0004017	[1]
BE0004018	[1]
BE0004019	[1]
BE0004020	[1]
BE0001854	[1]
BE0004022	[1]
BE0004023	[1]
BE0001878	[1]
BE0002033	[1]
BE0002054	[1]
BE0002021	[1]
BE0001872	[1]
BE0001870	[1]
BE0001787	[1]
BE0001840	[1]
BE0002938	[1]
BE0004329	[1]
BE0001647	[1]
BE0002035	[1]
BE0001499	[1]
BE0004186	[1]
BE0003334	[1]
BE0001089	[1]
BE0004465	[1]
BE0002939	[1]
BE0004464	[1]
BE0002913	[1]
BE0002940	[1]
BE0002802	[1]
BE0004439	[1]
BE0002941	[1]
BE0002942	[1]
BE0004793	[1]
BE0002030	[1]
BE0001955	[1]
BE0000978	[1]
BE0002943	[1]
BE0002199	[1]
BE0002944	[1]
BE0001649	[1]
BE0001058	[1]
BE0001595	[1]
BE0001586	[1]
BE0001624	[1]
BE0001603	[1]
BE0003328	[1]
BE0002039	[1]
BE0001678	[1]
BE0001846	[1]
BE0001720	[1]
BE0001704	[1]
BE0002364	[1]
BE0001921	[1]
BE0001969	[1]
BE0004566	[1]
BE0001961	[1]
BE0001784	[1]
BE0001354	[1]
BE0002067	[1]
BE0002064	[1]
BE0000397	[1]
BE0001230	[1]
BE0002961	[1]
BE0002597	[1]
BE0002962	[1]
BE0002963	[1]
BE0002964	[1]
BE0000965	[1]
BE0002596	[1]
BE0002965	[1]
BE0002966	[1]
BE0002967	[1]
BE0002968	[1]
BE0002969	[1]
BE0002970	[1]
BE0002881	[1]
BE0004507	[1]
BE0002774	[1]
BE0004480	[1]
BE0004135	[1]
BE0002971	[1]
BE0004580	[1]
BE0002972	[1]
BE0002917	[1]
BE0002619	[1]
BE0002973	[1]
BE0002974	[1]
BE0002975	[1]
BE0002976	[1]
BE0002977	[1]
BE0002978	[1]
BE0002979	[1]
BE0002980	[1]
BE0002981	[1]
BE0002982	[1]
BE0002983	[1]
BE0002984	[1]
BE0002985	[1]
BE0002616	[1]
BE0002986	[1]
BE0002987	[1]
BE0002988	[1]
BE0002989	[1]
BE0002990	[1]
BE0002991	[1]
BE0002992	[1]
BE0002993	[1]
BE0001665	[1]
BE0001682	[1]
BE0003883	[1]
BE0003818	[1]
BE0003884	[1]
BE0003885	[1]
BE0003886	[1]
BE0004437	[1]
BE0001794	[1]
BE0002627	[1]
BE0002995	[1]
BE0001719	[1]
BE0004065	[1]
BE0004066	[1]
BE0003136	[1]
BE0002443	[1]
BE0002302	[1]
BE0001766	[1]
BE0001612	[1]
BE0003372	[1]
BE0004236	[1]
BE0004148	[1]
BE0004247	[1]
BE0002909	[1]
BE0003016	[1]
BE0003017	[1]
BE0001810	[1]
BE0002036	[1]
BE0003515	[1]
BE0001684	[1]
BE0001853	[1]
BE0001809	[1]
BE0002622	[1]
BE0001616	[1]
BE0001833	[1]
BE0001866	[1]
BE0001599	[1]
BE0003033	[1]
BE0003034	[1]
BE0002551	[1]
BE0003035	[1]
BE0002629	[1]
BE0004614	[1]
BE0003036	[1]
BE0004577	[1]
BE0003037	[1]
BE0003038	[1]
BE0003039	[1]
BE0003040	[1]
BE0003041	[1]
BE0003042	[1]
BE0003043	[1]
BE0002996	[1]
BE0002849	[1]
BE0002066	[1]
BE0001807	[1]
BE0001922	[1]
BE0003018	[1]
BE0003019	[1]
BE0002577	[1]
BE0003020	[1]
BE0003021	[1]
BE0002710	[1]
BE0003022	[1]
BE0003023	[1]
BE0003025	[1]
BE0003026	[1]
BE0003027	[1]
BE0003028	[1]
BE0003029	[1]
BE0003030	[1]
BE0004105	[1]
BE0003031	[1]
BE0002576	[1]
BE0003032	[1]
BE0001806	[1]
BE0001844	[1]
BE0001753	[1]
BE0001692	[1]
BE0001788	[1]
BE0003044	[1]
BE0003045	[1]
BE0003046	[1]
BE0001932	[1]
BE0001929	[1]
BE0002483	[1]
BE0003047	[1]
BE0003048	[1]
BE0004453	[1]
BE0001038	[1]
BE0003049	[1]
BE0003050	[1]
BE0001802	[1]
BE0004484	[1]
BE0001919	[1]
BE0010006	[1]
BE0009350	[1]
BE0009977	[1]
BE0001572	[1]
BE0000999	[1]
BE0004452	[1]
BE0001842	[1]
BE0004506	[1]
BE0002028	[1]
BE0003051	[1]
BE0003052	[1]
BE0003053	[1]
BE0003054	[1]
BE0003055	[1]
BE0002904	[1]
BE0002793	[1]
BE0002872	[1]
BE0003056	[1]
BE0003057	[1]
BE0002886	[1]
BE0003058	[1]
BE0002916	[1]
BE0001718	[1]
BE0001749	[1]
BE0001727	[1]
BE0001770	[1]
BE0002540	[1]
BE0001639	[1]
BE0001606	[1]
BE0001930	[1]
BE0004493	[1]
BE0003059	[1]
BE0004637	[1]
BE0001931	[1]
BE0001579	[1]
BE0001923	[1]
BE0002848	[1]
BE0001986	[1]
BE0003060	[1]
BE0004532	[1]
BE0004447	[1]
BE0003061	[1]
BE0002766	[1]
BE0002903	[1]
BE0003062	[1]
BE0003063	[1]
BE0003064	[1]
BE0001948	[1]
BE0001588	[1]
BE0001751	[1]
BE0003762	[1]
BE0004371	[1]
BE0004372	[1]
BE0004373	[1]
BE0004370	[1]
BE0003065	[1]
BE0003066	[1]
BE0003067	[1]
BE0001826	[1]
BE0001729	[1]
BE0003068	[1]
BE0003069	[1]
BE0003071	[1]
BE0003073	[1]
BE0002828	[1]
BE0001102	[1]
BE0001252	[1]
BE0003075	[1]
BE0004519	[1]
BE0004490	[1]
BE0004516	[1]
BE0004522	[1]
BE0001617	[1]
BE0002073	[1]
BE0001576	[1]
BE0001205	[1]
BE0003078	[1]
BE0003079	[1]
BE0002034	[1]
BE0001918	[1]
BE0001925	[1]
BE0003080	[1]
BE0003081	[1]
BE0001915	[1]
BE0001920	[1]
BE0001926	[1]
BE0001933	[1]
BE0002617	[1]
BE0001563	[1]
BE0001924	[1]
BE0001755	[1]
BE0001928	[1]
BE0002227	[1]
BE0001927	[1]
BE0001681	[1]
BE0002072	[1]
BE0002069	[1]
BE0003011	[1]
BE0003118	[1]
BE0003119	[1]
BE0003120	[1]
BE0003121	[1]
BE0003122	[1]
BE0003123	[1]
BE0003124	[1]
BE0002618	[1]
BE0002574	[1]
BE0003795	[1]
BE0003125	[1]
BE0003126	[1]
BE0003127	[1]
BE0001995	[1]
BE0002027	[1]
BE0004096	[1]
BE0009091	[1]
BE0002029	[1]
BE0001722	[1]
BE0001746	[1]
BE0003107	[1]
BE0002207	[1]
BE0002212	[1]
BE0002224	[1]
BE0001139	[1]
BE0001236	[1]
BE0001813	[1]
BE0004419	[1]
BE0003128	[1]
BE0001549	[1]
BE0001558	[1]
BE0002076	[1]
BE0001803	[1]
BE0003129	[1]
BE0003130	[1]
BE0001980	[1]
BE0003131	[1]
BE0002032	[1]
BE0004567	[1]
BE0001562	[1]
BE0003133	[1]
BE0001974	[1]
BE0003134	[1]
BE0002397	[1]
BE0004039	[1]
BE0004040	[1]
BE0002929	[1]
BE0004054	[1]
BE0001817	[1]
BE0004055	[1]
BE0004056	[1]
BE0003135	[1]
BE0000946	[1]
BE0001149	[1]
BE0003137	[1]
BE0001977	[1]
BE0001936	[1]
BE0003138	[1]
BE0003139	[1]
BE0002135	[1]
BE0002760	[1]
BE0003140	[1]
BE0003141	[1]
BE0003142	[1]
BE0003143	[1]
BE0003144	[1]
BE0001970	[1]
BE0001705	[1]
BE0003145	[1]
BE0001973	[1]
BE0001938	[1]
BE0001956	[1]
BE0001963	[1]
BE0001574	[1]
BE0001630	[1]
BE0002041	[1]
BE0003166	[1]
BE0003167	[1]
BE0003168	[1]
BE0002857	[1]
BE0003170	[1]
BE0000912	[1]
BE0001992	[1]
BE0001978	[1]
BE0001971	[1]
BE0001629	[1]
BE0003171	[1]
BE0002816	[1]
BE0001989	[1]
BE0001648	[1]
BE0001819	[1]
BE0003173	[1]
BE0002590	[1]
BE0001740	[1]
BE0005540	[1]
BE0004330	[1]
BE0004331	[1]
BE0004794	[1]
BE0001676	[1]
BE0001646	[1]
BE0001731	[1]
BE0004052	[1]
BE0003889	[1]
BE0001598	[1]
BE0001976	[1]
BE0003176	[1]
BE0003177	[1]
BE0003178	[1]
BE0001744	[1]
BE0003179	[1]
BE0003180	[1]
BE0003181	[1]
BE0003182	[1]
BE0003601	[1]
BE0003183	[1]
BE0001725	[1]
BE0001733	[1]
BE0001775	[1]
BE0001715	[1]
BE0003184	[1]
BE0001268	[1]
BE0001795	[1]
BE0001829	[1]
BE0004016	[1]
BE0001495	[1]
BE0002075	[1]
BE0003186	[1]
BE0003187	[1]
BE0002626	[1]
BE0003188	[1]
BE0004638	[1]
BE0003189	[1]
BE0003190	[1]
BE0003191	[1]
BE0003192	[1]
BE0004641	[1]
BE0003193	[1]
BE0003194	[1]
BE0004481	[1]
BE0002762	[1]
BE0004634	[1]
BE0001783	[1]
BE0001982	[1]
BE0009979	[1]
BE0003196	[1]
BE0001743	[1]
BE0003730	[1]
BE0003172	[1]
BE0004152	[1]
BE0004316	[1]
BE0004317	[1]
BE0004318	[1]
BE0001702	[1]
BE0004123	[1]
BE0004061	[1]
BE0001851	[1]
BE0000985	[1]
BE0001990	[1]
BE0009974	[1]
BE0004454	[1]
BE0003197	[1]
BE0003115	[1]
BE0001943	[1]
BE0001958	[1]
BE0002049	[1]
BE0003782	[1]
BE0004463	[1]
BE0003198	[1]
BE0001820	[1]
BE0001994	[1]
BE0001862	[1]
BE0001324	[1]
BE0001945	[1]
BE0001659	[1]
BE0000877	[1]
BE0004471	[1]
BE0001964	[1]
BE0004792	[1]
BE0001597	[1]
BE0001585	[1]
BE0001618	[1]
BE0001965	[1]
BE0004185	[1]
BE0001987	[1]
BE0001959	[1]
BE0001962	[1]
BE0004369	[1]
BE0002927	[1]
BE0003199	[1]
BE0001663	[1]
BE0001724	[1]
BE0001946	[1]
BE0002809	[1]
BE0003202	[1]
BE0001852	[1]
BE0001636	[1]
BE0001173	[1]
BE0001812	[1]
BE0001798	[1]
BE0001849	[1]
BE0003878	[1]
BE0003343	[1]
BE0004262	[1]
BE0001470	[1]
BE0004169	[1]
BE0001780	[1]
BE0001937	[1]
BE0003204	[1]
BE0003205	[1]
BE0001776	[1]
BE0001822	[1]
BE0001742	[1]
BE0001589	[1]
BE0001949	[1]
BE0001713	[1]
BE0001863	[1]
BE0001726	[1]
BE0004028	[1]
BE0003207	[1]
BE0003208	[1]
BE0003209	[1]
BE0003210	[1]
BE0004607	[1]
BE0001797	[1]
BE0001642	[1]
BE0001695	[1]
BE0001768	[1]
BE0001657	[1]
BE0004076	[1]
BE0004573	[1]
BE0001735	[1]
BE0001628	[1]
BE0004541	[1]
BE0001834	[1]
BE0001453	[1]
BE0004602	[1]
BE0001791	[1]
BE0004594	[1]
BE0001814	[1]
BE0001693	[1]
BE0001763	[1]
BE0001843	[1]
BE0003854	[1]
BE0000938	[1]
BE0001005	[1]
BE0003855	[1]
BE0003856	[1]
BE0003857	[1]
BE0003858	[1]
BE0003860	[1]
BE0003861	[1]
BE0000176	[1]
BE0002254	[1]
BE0002257	[1]
BE0001610	[1]
BE0002038	[1]
BE0003952	[1]
BE0003953	[1]
BE0003954	[1]
BE0004162	[1]
BE0004163	[1]
BE0004164	[1]
BE0004165	[1]
BE0003849	[1]
BE0003850	[1]
BE0003851	[1]
BE0003852	[1]
BE0004166	[1]
BE0004167	[1]
BE0004168	[1]
BE0004170	[1]
BE0003971	[1]
BE0004173	[1]
BE0004174	[1]
BE0003936	[1]
BE0003977	[1]
BE0004175	[1]
BE0004176	[1]
BE0004177	[1]
BE0004178	[1]
BE0004179	[1]
BE0004180	[1]
BE0004181	[1]
BE0004182	[1]
BE0004183	[1]
BE0004184	[1]
BE0004551	[1]
BE0001662	[1]
BE0001793	[1]
BE0001767	[1]
BE0003211	[1]
BE0001112	[1]
BE0001781	[1]
BE0001673	[1]
BE0004113	[1]
BE0004114	[1]
BE0004192	[1]
BE0001860	[1]
BE0001993	[1]
BE0005300	[1]
BE0003787	[1]
BE0003840	[1]
BE0003841	[1]
BE0003842	[1]
BE0004327	[1]
BE0003757	[1]
BE0004328	[1]
BE0004966	[1]
BE0009017	[1]
BE0009018	[1]
BE0009019	[1]
BE0009020	[1]
BE0005461	[1]
BE0009374	[1]
BE0001952	[1]
BE0002048	[1]
BE0002043	[1]
BE0001633	[1]
BE0001570	[1]
BE0003972	[1]
BE0003973	[1]
BE0003974	[1]
BE0003975	[1]
BE0003976	[1]
BE0003978	[1]
BE0003979	[1]
BE0003980	[1]
BE0003981	[1]
BE0003982	[1]
BE0001968	[1]
BE0002040	[1]
BE0001960	[1]
BE0001482	[1]
BE0001983	[1]
BE0002930	[1]
BE0004625	[1]
BE0003253	[1]
BE0002953	[1]
BE0003254	[1]
BE0003255	[1]
BE0003256	[1]
BE0003257	[1]
BE0003258	[1]
BE0003259	[1]
BE0003260	[1]
BE0003261	[1]
BE0003262	[1]
BE0003263	[1]
BE0003264	[1]
BE0002611	[1]
BE0003265	[1]
BE0003267	[1]
BE0002555	[1]
BE0002757	[1]
BE0003268	[1]
BE0002545	[1]
BE0004443	[1]
BE0003269	[1]
BE0003270	[1]
BE0003271	[1]
BE0003272	[1]
BE0009973	[1]
BE0003346	[1]
BE0001699	[1]
BE0001709	[1]
BE0002045	[1]
BE0001940	[1]
BE0001942	[1]
BE0003525	[1]
BE0004351	[1]
BE0001645	[1]
BE0002535	[1]
BE0003873	[1]
BE0003874	[1]
BE0003875	[1]
BE0003876	[1]
BE0003877	[1]
BE0002201	[1]
BE0001848	[1]
BE0001756	[1]
BE0004636	[1]
BE0004491	[1]
BE0001710	[1]
BE0004535	[1]
BE0004559	[1]
BE0004485	[1]
BE0004448	[1]
BE0001190	[1]
BE0003277	[1]
BE0001035	[1]
BE0004562	[1]
BE0003279	[1]
BE0004627	[1]
BE0003280	[1]
BE0003281	[1]
BE0003282	[1]
BE0003283	[1]
BE0004633	[1]
BE0003284	[1]
BE0001837	[1]
BE0004117	[1]
BE0003285	[1]
BE0005530	[1]
BE0001759	[1]
BE0001685	[1]
BE0003286	[1]
BE0010046	[1]
BE0004604	[1]
BE0001216	[1]
BE0001761	[1]
BE0001689	[1]
BE0003287	[1]
BE0001690	[1]
BE0004523	[1]
BE0001951	[1]
BE0001824	[1]
BE0002417	[1]
BE0001602	[1]
BE0003288	[1]
BE0001774	[1]
BE0003289	[1]
BE0004549	[1]
BE0003111	[1]
BE0004572	[1]
BE0004624	[1]
BE0004554	[1]
BE0003290	[1]
BE0003291	[1]
BE0003292	[1]
BE0003293	[1]
BE0003294	[1]
BE0003295	[1]
BE0003084	[1]
BE0002412	[1]
BE0003296	[1]
BE0002079	[1]
BE0001565	[1]
BE0004622	[1]
BE0003931	[1]
BE0001858	[1]
BE0001939	[1]
BE0003297	[1]
BE0004555	[1]
BE0001582	[1]
BE0001841	[1]
BE0001941	[1]
BE0003309	[1]
BE0004514	[1]
BE0001620	[1]
BE0003310	[1]
BE0003365	[1]
BE0001664	[1]
BE0004489	[1]
BE0003311	[1]
BE0003312	[1]
BE0003164	[1]
BE0003313	[1]
BE0003314	[1]
BE0000170	[1]
BE0003315	[1]
BE0003316	[1]
BE0004132	[1]
BE0004133	[1]
BE0004134	[1]
BE0001738	[1]
BE0002769	[1]
BE0004072	[1]
BE0004073	[1]
BE0003921	[1]
BE0003922	[1]
BE0004082	[1]
BE0003815	[1]
BE0003816	[1]
BE0003817	[1]
BE0004083	[1]
BE0004084	[1]
BE0004085	[1]
BE0004086	[1]
BE0004087	[1]
BE0004088	[1]
BE0004089	[1]
BE0004090	[1]
BE0009999	[1]
BE0003318	[1]
BE0004333	[1]
BE0001569	[1]
BE0002813	[1]
BE0001714	[1]
BE0000934	[1]
BE0004568	[1]
BE0003305	[1]
BE0001611	[1]
BE0000656	[1]
BE0001758	[1]
BE0004374	[1]
BE0001975	[1]
BE0003007	[1]
BE0004632	[1]
BE0003319	[1]
BE0004445	[1]
BE0003320	[1]
BE0004630	[1]
BE0003321	[1]
BE0002817	[1]
BE0001845	[1]
BE0003322	[1]
BE0004579	[1]
BE0003324	[1]
BE0003325	[1]
BE0009096	[1]
BE0001736	[1]
BE0003326	[1]
BE0002376	[1]
BE0003538	[1]
BE0001622	[1]
BE0001635	[1]
BE0001566	[1]
BE0001981	[1]
BE0001621	[1]
BE0002047	[1]
BE0002080	[1]
BE0003329	[1]
BE0003330	[1]
BE0003331	[1]
BE0003332	[1]
BE0003333	[1]
BE0003794	[1]
BE0003335	[1]
BE0003337	[1]
BE0003339	[1]
BE0003340	[1]
BE0002997	[1]
BE0003342	[1]
BE0003845	[1]
BE0003846	[1]
BE0003847	[1]
BE0000111	[1]
BE0003879	[1]
BE0003344	[1]
BE0003892	[1]
BE0002472	[1]
BE0002474	[1]
BE0002473	[1]
BE0003905	[1]
BE0003906	[1]
BE0003907	[1]
BE0003908	[1]
BE0003909	[1]
BE0002475	[1]
BE0003364	[1]
BE0003345	[1]
BE0004495	[1]
BE0003336	[1]
BE0003347	[1]
BE0004610	[1]
BE0003359	[1]
BE0003348	[1]
BE0003349	[1]
BE0003350	[1]
BE0004094	[1]
BE0003866	[1]
BE0003351	[1]
BE0003404	[1]
BE0001016	[1]
BE0004142	[1]
BE0002408	[1]
BE0003788	[1]
BE0003493	[1]
BE0004146	[1]
BE0003352	[1]
BE0003353	[1]
BE0004188	[1]
BE0003354	[1]
BE0003077	[1]
BE0003356	[1]
BE0003357	[1]
BE0003358	[1]
BE0003958	[1]
BE0004274	[1]
BE0003360	[1]
BE0003361	[1]
BE0002401	[1]
BE0003367	[1]
BE0003368	[1]
BE0003859	[1]
BE0003363	[1]
BE0004946	[1]
BE0000911	[1]
BE0002369	[1]
BE0001067	[1]
BE0004749	[1]
BE0001103	[1]
BE0009009	[1]
BE0002371	[1]
BE0004382	[1]
BE0002372	[1]
BE0002373	[1]
BE0003528	[1]
BE0002147	[1]
BE0002426	[1]
BE0009912	[1]
BE0009913	[1]
BE0009914	[1]
BE0002434	[1]
BE0002391	[1]
BE0002091	[1]
BE0002382	[1]
BE0002447	[1]
BE0004746	[1]
BE0002399	[1]
BE0000489	[1]
BE0000183	[1]
BE0002460	[1]
BE0002439	[1]
BE0002414	[1]
BE0002402	[1]
BE0002404	[1]
BE0002394	[1]
BE0002451	[1]
BE0002452	[1]
BE0002418	[1]
BE0002133	[1]
BE0008667	[1]
BE0002422	[1]
BE0002424	[1]
BE0002250	[1]
BE0003412	[1]
BE0002478	[1]
BE0002479	[1]
BE0003513	[1]
BE0003394	[1]
BE0002403	[1]
BE0002420	[1]
BE0002421	[1]
BE0003508	[1]
BE0000974	[1]
BE0002342	[1]
BE0004224	[1]
BE0003376	[1]
BE0003373	[1]
BE0002409	[1]
BE0004790	[1]
BE0003298	[1]
BE0003414	[1]
BE0003387	[1]
BE0003411	[1]
BE0003393	[1]
BE0003397	[1]
BE0003398	[1]
BE0003400	[1]
BE0003401	[1]
BE0003402	[1]
BE0003381	[1]
BE0003382	[1]
BE0009715	[1]
BE0009714	[1]
BE0009716	[1]
BE0003390	[1]
BE0003391	[1]
BE0000954	[1]
BE0003406	[1]
BE0003378	[1]
BE0003409	[1]
BE0003410	[1]
BE0002481	[1]
BE0002482	[1]
BE0002389	[1]
BE0000955	[1]
BE0002383	[1]
BE0002384	[1]
BE0002387	[1]
BE0002413	[1]
BE0002380	[1]
BE0002381	[1]
BE0000104	[1]
BE0002416	[1]
BE0003813	[1]
BE0003003	[1]
BE0002423	[1]
BE0002427	[1]
BE0004731	[1]
BE0002438	[1]
BE0002444	[1]
BE0002446	[1]
BE0003440	[1]
BE0002455	[1]
BE0000619	[1]
BE0002471	[1]
BE0009346	[1]
BE0009875	[1]
BE0003371	[1]
BE0003374	[1]
BE0003375	[1]
BE0003377	[1]
BE0003384	[1]
BE0003386	[1]
BE0003388	[1]
BE0003389	[1]
BE0000961	[1]
BE0002854	[1]
BE0003415	[1]
BE0004701	[1]
BE0004845	[1]
BE0003399	[1]
BE0003341	[1]
BE0003396	[1]
BE0009697	[1]
BE0008663	[1]
BE0003481	[1]
BE0003407	[1]
BE0000070	[1]
BE0002484	[1]
BE0003422	[1]
BE0003424	[1]
BE0004703	[1]
BE0003427	[1]
BE0004857	[1]
BE0003429	[1]
BE0003433	[1]
BE0003435	[1]
BE0003436	[1]
BE0001150	[1]
BE0003223	[1]
BE0003447	[1]
BE0003461	[1]
BE0003462	[1]
BE0002458	[1]
BE0003468	[1]
BE0003473	[1]
BE0008666	[1]
BE0003437	[1]
BE0003430	[1]
BE0003431	[1]
BE0003432	[1]
BE0003434	[1]
BE0003470	[1]
BE0004601	[1]
BE0004839	[1]
BE0009339	[1]
BE0005802	[1]
BE0003477	[1]
BE0003465	[1]
BE0000887	[1]
BE0003512	[1]
BE0009857	[1]
BE0004717	[1]
BE0003483	[1]
BE0003484	[1]
BE0002103	[1]
BE0002106	[1]
BE0002107	[1]
BE0002108	[1]
BE0002111	[1]
BE0003489	[1]
BE0003490	[1]
BE0009964	[1]
BE0003514	[1]
BE0002859	[1]
BE0003516	[1]
BE0004004	[1]
BE0004753	[1]
BE0003492	[1]
BE0003494	[1]
BE0003479	[1]
BE0003495	[1]
BE0003496	[1]
BE0003498	[1]
BE0001196	[1]
BE0004734	[1]
BE0004735	[1]
BE0000457	[1]
BE0003090	[1]
BE0000239	[1]
BE0003507	[1]
BE0001006	[1]
BE0003519	[1]
BE0001113	[1]
BE0003520	[1]
BE0003501	[1]
BE0004714	[1]
BE0004744	[1]
BE0004745	[1]
BE0004384	[1]
BE0004715	[1]
BE0004718	[1]
BE0004719	[1]
BE0004720	[1]
BE0004721	[1]
BE0004722	[1]
BE0004723	[1]
BE0004724	[1]
BE0004725	[1]
BE0004726	[1]
BE0002222	[1]
BE0000452	[1]
BE0003529	[1]
BE0004817	[1]
BE0004824	[1]
BE0009719	[1]
BE0008953	[1]
BE0005824	[1]
BE0009326	[1]
BE0009327	[1]
BE0008968	[1]
BE0009007	[1]
BE0004671	[1]
BE0004855	[1]
BE0003729	[1]
BE0009124	[1]
BE0003736	[1]
BE0003737	[1]
BE0003741	[1]
BE0003742	[1]
BE0003743	[1]
BE0001730	[1]
BE0003744	[1]
BE0003745	[1]
BE0003746	[1]
BE0003747	[1]
BE0003748	[1]
BE0003752	[1]
BE0003754	[1]
BE0003755	[1]
BE0003759	[1]
BE0003760	[1]
BE0003763	[1]
BE0003764	[1]
BE0003765	[1]
BE0003769	[1]
BE0003770	[1]
BE0003771	[1]
BE0003772	[1]
BE0003773	[1]
BE0003774	[1]
BE0003776	[1]
BE0003781	[1]
BE0003510	[1]
BE0003784	[1]
BE0003785	[1]
BE0003792	[1]
BE0003793	[1]
BE0003796	[1]
BE0001142	[1]
BE0003798	[1]
BE0003799	[1]
BE0003800	[1]
BE0003801	[1]
BE0003802	[1]
BE0003803	[1]
BE0003804	[1]
BE0003807	[1]
BE0003808	[1]
BE0003809	[1]
BE0003812	[1]
BE0003820	[1]
BE0003838	[1]
BE0003839	[1]
BE0003853	[1]
BE0003862	[1]
BE0003863	[1]
BE0003864	[1]
BE0003865	[1]
BE0003867	[1]
BE0003868	[1]
BE0003869	[1]
BE0003870	[1]
BE0003871	[1]
BE0002456	[1]
BE0003880	[1]
BE0003891	[1]
BE0003956	[1]
BE0003960	[1]
BE0003961	[1]
BE0003962	[1]
BE0003963	[1]
BE0003964	[1]
BE0003965	[1]
BE0003966	[1]
BE0003967	[1]
BE0003968	[1]
BE0003969	[1]
BE0003185	[1]
BE0003984	[1]
BE0003985	[1]
BE0003916	[1]
BE0004002	[1]
BE0004005	[1]
BE0004012	[1]
BE0004014	[1]
BE0004015	[1]
BE0004025	[1]
BE0004026	[1]
BE0004029	[1]
BE0004030	[1]
BE0004031	[1]
BE0004032	[1]
BE0004041	[1]
BE0004042	[1]
BE0004043	[1]
BE0004046	[1]
BE0004047	[1]
BE0004048	[1]
BE0003611	[1]
BE0004049	[1]
BE0004057	[1]
BE0004058	[1]
BE0004059	[1]
BE0004062	[1]
BE0004063	[1]
BE0002868	[1]
BE0004064	[1]
BE0004067	[1]
BE0004077	[1]
BE0004078	[1]
BE0004079	[1]
BE0004071	[1]
BE0004080	[1]
BE0004091	[1]
BE0004092	[1]
BE0004095	[1]
BE0001172	[1]
BE0004097	[1]
BE0004098	[1]
BE0004099	[1]
BE0004100	[1]
BE0004101	[1]
BE0004102	[1]
BE0004103	[1]
BE0004108	[1]
BE0004109	[1]
BE0004110	[1]
BE0004115	[1]
BE0004116	[1]
BE0004118	[1]
BE0004119	[1]
BE0004120	[1]
BE0004121	[1]
BE0004122	[1]
BE0004124	[1]
BE0004125	[1]
BE0004126	[1]
BE0004127	[1]
BE0004128	[1]
BE0004129	[1]
BE0004130	[1]
BE0004131	[1]
BE0004137	[1]
BE0004138	[1]
BE0000706	[1]
BE0003717	[1]
BE0004140	[1]
BE0004147	[1]
BE0004150	[1]
BE0004153	[1]
BE0004154	[1]
BE0004156	[1]
BE0004157	[1]
BE0004158	[1]
BE0004159	[1]
BE0004160	[1]
BE0004155	[1]
BE0004189	[1]
BE0004190	[1]
BE0004191	[1]
BE0004193	[1]
BE0004194	[1]
BE0004197	[1]
BE0004198	[1]
BE0004199	[1]
BE0004200	[1]
BE0004201	[1]
BE0004202	[1]
BE0004203	[1]
BE0004204	[1]
BE0004205	[1]
BE0004206	[1]
BE0004207	[1]
BE0004208	[1]
BE0004209	[1]
BE0004210	[1]
BE0004211	[1]
BE0004212	[1]
BE0004213	[1]
BE0004214	[1]
BE0004215	[1]
BE0004216	[1]
BE0004217	[1]
BE0004218	[1]
BE0004219	[1]
BE0004220	[1]
BE0004221	[1]
BE0004222	[1]
BE0004223	[1]
BE0004225	[1]
BE0003366	[1]
BE0003369	[1]
BE0003370	[1]
BE0004226	[1]
BE0004227	[1]
BE0004228	[1]
BE0004229	[1]
BE0004230	[1]
BE0004231	[1]
BE0004232	[1]
BE0004233	[1]
BE0004234	[1]
BE0004235	[1]
BE0004237	[1]
BE0000358	[1]
BE0004238	[1]
BE0004239	[1]
BE0004240	[1]
BE0004241	[1]
BE0004243	[1]
BE0004244	[1]
BE0004246	[1]
BE0004248	[1]
BE0004249	[1]
BE0004250	[1]
BE0004251	[1]
BE0004252	[1]
BE0004253	[1]
BE0004254	[1]
BE0004255	[1]
BE0004256	[1]
BE0004257	[1]
BE0001305	[1]
BE0004259	[1]
BE0004260	[1]
BE0004261	[1]
BE0004263	[1]
BE0004264	[1]
BE0004265	[1]
BE0004266	[1]
BE0004267	[1]
BE0004268	[1]
BE0004269	[1]
BE0004270	[1]
BE0004271	[1]
BE0004272	[1]
BE0004275	[1]
BE0004276	[1]
BE0004277	[1]
BE0004278	[1]
BE0004279	[1]
BE0004280	[1]
BE0004282	[1]
BE0004283	[1]
BE0004285	[1]
BE0004286	[1]
BE0004287	[1]
BE0004288	[1]
BE0004289	[1]
BE0004291	[1]
BE0004292	[1]
BE0004293	[1]
BE0004294	[1]
BE0004312	[1]
BE0004313	[1]
BE0004321	[1]
BE0004322	[1]
BE0004324	[1]
BE0003930	[1]
BE0004332	[1]
BE0004334	[1]
BE0000977	[1]
BE0003910	[1]
BE0003911	[1]
BE0003912	[1]
BE0003913	[1]
BE0003914	[1]
BE0003915	[1]
BE0002349	[1]
BE0003917	[1]
BE0003918	[1]
BE0003919	[1]
BE0003920	[1]
BE0002536	[1]
BE0004336	[1]
BE0004337	[1]
BE0004339	[1]
BE0004340	[1]
BE0004341	[1]
BE0004342	[1]
BE0004343	[1]
BE0004344	[1]
BE0004345	[1]
BE0009125	[1]
BE0004347	[1]
BE0004348	[1]
BE0004349	[1]
BE0002884	[1]
BE0003935	[1]
BE0004354	[1]
BE0004355	[1]
BE0004356	[1]
BE0004357	[1]
BE0004358	[1]
BE0004359	[1]
BE0004360	[1]
BE0004361	[1]
BE0004362	[1]
BE0004363	[1]
BE0004366	[1]
BE0004367	[1]
BE0004368	[1]
BE0004375	[1]
BE0004376	[1]
BE0004377	[1]
BE0004378	[1]
BE0004379	[1]
BE0004380	[1]
BE0004381	[1]
BE0004383	[1]
BE0004385	[1]
BE0004386	[1]
BE0004387	[1]
BE0004389	[1]
BE0004390	[1]
BE0004391	[1]
BE0004420	[1]
BE0004421	[1]
BE0001126	[1]
BE0004702	[1]
BE0004606	[1]
BE0004930	[1]
BE0004933	[1]
BE0004935	[1]
BE0004940	[1]
BE0004944	[1]
BE0004948	[1]
BE0004942	[1]
BE0004943	[1]
BE0010044	[1]
BE0004784	[1]
BE0004768	[1]
BE0004776	[1]
BE0004733	[1]
BE0004777	[1]
BE0002432	[1]
BE0008652	[1]
BE0009882	[1]
BE0009881	[1]
BE0004732	[1]
BE0003148	[1]
BE0004736	[1]
BE0001125	[1]
BE0004739	[1]
BE0004737	[1]
BE0004738	[1]
BE0003502	[1]
BE0004741	[1]
BE0004838	[1]
BE0004747	[1]
BE0004748	[1]
BE0004756	[1]
BE0004757	[1]
BE0004758	[1]
BE0004759	[1]
BE0004772	[1]
BE0009920	[1]
BE0009664	[1]
BE0010055	[1]
BE0008651	[1]
BE0005863	[1]
BE0005864	[1]
BE0005865	[1]
BE0002395	[1]
BE0008648	[1]
BE0008649	[1]
BE0008650	[1]
BE0008647	[1]
BE0009153	[1]
BE0009158	[1]
BE0009159	[1]
BE0002362	[1]
BE0002363	[1]
BE0003612	[1]
BE0009154	[1]
BE0009156	[1]
BE0008658	[1]
BE0010052	[1]
BE0008624	[1]
BE0010057	[1]
BE0009273	[1]
BE0008653	[1]
BE0005793	[1]
BE0005156	[1]
BE0005131	[1]
BE0005013	[1]
BE0008956	[1]
BE0008957	[1]
BE0008958	[1]
BE0008959	[1]
BE0009139	[1]
BE0008960	[1]
BE0008961	[1]
BE0008962	[1]
BE0008963	[1]
BE0008964	[1]
BE0008965	[1]
BE0008966	[1]
BE0008967	[1]
BE0000039	[1]
BE0008970	[1]
BE0008971	[1]
BE0008972	[1]
BE0008973	[1]
BE0008974	[1]
BE0008975	[1]
BE0005284	[1]
BE0008976	[1]
BE0001179	[1]
BE0008977	[1]
BE0008978	[1]
BE0005818	[1]
BE0008989	[1]
BE0008995	[1]
BE0005816	[1]
BE0000992	[1]
BE0000921	[1]
BE0009046	[1]
BE0008979	[1]
BE0008879	[1]
BE0008880	[1]
BE0009052	[1]
BE0009056	[1]
BE0005089	[1]
BE0009059	[1]
BE0009065	[1]
BE0009066	[1]
BE0000537	[1]
BE0009068	[1]
BE0008992	[1]
BE0005803	[1]
BE0004961	[1]
BE0008720	[1]
BE0008655	[1]
BE0009334	[1]
BE0008642	[1]
BE0003089	[1]
BE0009677	[1]
BE0009678	[1]
BE0002486	[1]
BE0008643	[1]
BE0005459	[1]
BE0009333	[1]
BE0003546	[1]
BE0002193	[1]
BE0010064	[1]
BE0008659	[1]
BE0004619	[1]
BE0003206	[1]
BE0008660	[1]
BE0000318	[1]
BE0009001	[1]
BE0008719	[1]
BE0002247	[1]
BE0001861	[1]
BE0009883	[1]
BE0002476	[1]
BE0008691	[1]
BE0008692	[1]
BE0008693	[1]
BE0002145	[1]
BE0008694	[1]
BE0008695	[1]
BE0005259	[1]
BE0008696	[1]
BE0002950	[1]
BE0008697	[1]
BE0008698	[1]
BE0008699	[1]
BE0008700	[1]
BE0008701	[1]
BE0008702	[1]
BE0008703	[1]
BE0008704	[1]
BE0008705	[1]
BE0008706	[1]
BE0008707	[1]
BE0008708	[1]
BE0008709	[1]
BE0008710	[1]
BE0008711	[1]
BE0005274	[1]
BE0004557	[1]
BE0001141	[1]
BE0009144	[1]
BE0009373	[1]
BE0001214	[1]
BE0009546	[1]
BE0008986	[1]
BE0002092	[1]
BE0009352	[1]
BE0009555	[1]
BE0009556	[1]
BE0009557	[1]
BE0009550	[1]
BE0003441	[1]
BE0009755	[1]
BE0000949	[1]
BE0009022	[1]
BE0009097	[1]
BE0009098	[1]
BE0005806	[1]
BE0009099	[1]
BE0005795	[1]
BE0009100	[1]
BE0009026	[1]
BE0009101	[1]
BE0009102	[1]
BE0003419	[1]
BE0009104	[1]
BE0009105	[1]
BE0009106	[1]
BE0009107	[1]
BE0009108	[1]
BE0009109	[1]
BE0009110	[1]
BE0009111	[1]
BE0009112	[1]
BE0009113	[1]
BE0009114	[1]
BE0009115	[1]
BE0009116	[1]
BE0009117	[1]
BE0009118	[1]
BE0009119	[1]
BE0004503	[1]
BE0009120	[1]
BE0009160	[1]
BE0009122	[1]
BE0009037	[1]
BE0004469	[1]
BE0009123	[1]
BE0009161	[1]
BE0009162	[1]
BE0004598	[1]
BE0009103	[1]
BE0009163	[1]
BE0009164	[1]
BE0009165	[1]
BE0009166	[1]
BE0009167	[1]
BE0009168	[1]
BE0009170	[1]
BE0009171	[1]
BE0009172	[1]
BE0009173	[1]
BE0009174	[1]
BE0009175	[1]
BE0009176	[1]
BE0009177	[1]
BE0009178	[1]
BE0009179	[1]
BE0009180	[1]
BE0009181	[1]
BE0009182	[1]
BE0009183	[1]
BE0009184	[1]
BE0009185	[1]
BE0009186	[1]
BE0009187	[1]
BE0009188	[1]
BE0009189	[1]
BE0009190	[1]
BE0009191	[1]
BE0009192	[1]
BE0009193	[1]
BE0009194	[1]
BE0009195	[1]
BE0009196	[1]
BE0009197	[1]
BE0009198	[1]
BE0009199	[1]
BE0009200	[1]
BE0009201	[1]
BE0009202	[1]
BE0009203	[1]
BE0009204	[1]
BE0009205	[1]
BE0009206	[1]
BE0009207	[1]
BE0009208	[1]
BE0009209	[1]
BE0009210	[1]
BE0009211	[1]
BE0009212	[1]
BE0009213	[1]
BE0009214	[1]
BE0009740	[1]
BE0009216	[1]
BE0009217	[1]
BE0009218	[1]
BE0009219	[1]
BE0009220	[1]
BE0009221	[1]
BE0009222	[1]
BE0009223	[1]
BE0009224	[1]
BE0009225	[1]
BE0009226	[1]
BE0009227	[1]
BE0009228	[1]
BE0009229	[1]
BE0009230	[1]
BE0009231	[1]
BE0009232	[1]
BE0009233	[1]
BE0009234	[1]
BE0009235	[1]
BE0009236	[1]
BE0009237	[1]
BE0009238	[1]
BE0009239	[1]
BE0009240	[1]
BE0009241	[1]
BE0009242	[1]
BE0009244	[1]
BE0009245	[1]
BE0009246	[1]
BE0009247	[1]
BE0009248	[1]
BE0009249	[1]
BE0009741	[1]
BE0009251	[1]
BE0009252	[1]
BE0009253	[1]
BE0009254	[1]
BE0009255	[1]
BE0009256	[1]
BE0009257	[1]
BE0009258	[1]
BE0009259	[1]
BE0009260	[1]
BE0009261	[1]
BE0009262	[1]
BE0009263	[1]
BE0009264	[1]
BE0009265	[1]
BE0009266	[1]
BE0009267	[1]
BE0009268	[1]
BE0009269	[1]
BE0009270	[1]
BE0009271	[1]
BE0009324	[1]
BE0009272	[1]
BE0009917	[1]
BE0009682	[1]
BE0009683	[1]
BE0009684	[1]
BE0003639	[1]
BE0009862	[1]
BE0003460	[1]
BE0009525	[1]
BE0009926	[1]
BE0009757	[1]
BE0010011	[1]
BE0010138	[1]
BE0009665	[1]
BE0003464	[1]
BE0009867	[1]
BE0009694	[1]
BE0000255	[1]
BE0009501	[1]
BE0009534	[1]
BE0008672	[1]
BE0004866	[1]
BE0003533	[1]
BE0003541	[1]
BE0009379	[1]
BE0009380	[1]
BE0009381	[1]
BE0009382	[1]
BE0009383	[1]
BE0009384	[1]
BE0009385	[1]
BE0009386	[1]
BE0009387	[1]
BE0009388	[1]
BE0009389	[1]
BE0009390	[1]
BE0009391	[1]
BE0009392	[1]
BE0009393	[1]
BE0009394	[1]
BE0009395	[1]
BE0009396	[1]
BE0009397	[1]
BE0009398	[1]
BE0009399	[1]
BE0009400	[1]
BE0009401	[1]
BE0009402	[1]
BE0009403	[1]
BE0009404	[1]
BE0009405	[1]
BE0009406	[1]
BE0009407	[1]
BE0009408	[1]
BE0009409	[1]
BE0009410	[1]
BE0009411	[1]
BE0009412	[1]
BE0009413	[1]
BE0009414	[1]
BE0009415	[1]
BE0009416	[1]
BE0009417	[1]
BE0009418	[1]
BE0009419	[1]
BE0009420	[1]
BE0009421	[1]
BE0009422	[1]
BE0009423	[1]
BE0009424	[1]
BE0009425	[1]
BE0009426	[1]
BE0009427	[1]
BE0009428	[1]
BE0009429	[1]
BE0009430	[1]
BE0009431	[1]
BE0009432	[1]
BE0009433	[1]
BE0009435	[1]
BE0009436	[1]
BE0009437	[1]
BE0009438	[1]
BE0009439	[1]
BE0009440	[1]
BE0009441	[1]
BE0009442	[1]
BE0009443	[1]
BE0009444	[1]
BE0009445	[1]
BE0009446	[1]
BE0009447	[1]
BE0009448	[1]
BE0009449	[1]
BE0009450	[1]
BE0009451	[1]
BE0009452	[1]
BE0009453	[1]
BE0009454	[1]
BE0009455	[1]
BE0009456	[1]
BE0009457	[1]
BE0009458	[1]
BE0009459	[1]
BE0009460	[1]
BE0009461	[1]
BE0009462	[1]
BE0009463	[1]
BE0009464	[1]
BE0009465	[1]
BE0009466	[1]
BE0009467	[1]
BE0009468	[1]
BE0009469	[1]
BE0009470	[1]
BE0009471	[1]
BE0009472	[1]
BE0009473	[1]
BE0009474	[1]
BE0009475	[1]
BE0009476	[1]
BE0009477	[1]
BE0009478	[1]
BE0009479	[1]
BE0009480	[1]
BE0009481	[1]
BE0009482	[1]
BE0009483	[1]
BE0009484	[1]
BE0009485	[1]
BE0009486	[1]
BE0009487	[1]
BE0009488	[1]
BE0009489	[1]
BE0009490	[1]
BE0009491	[1]
BE0009492	[1]
BE0009493	[1]
BE0009494	[1]
BE0009495	[1]
BE0009496	[1]
BE0009497	[1]
BE0009498	[1]
BE0009499	[1]
BE0009500	[1]
BE0009502	[1]
BE0009503	[1]
BE0009504	[1]
BE0009505	[1]
BE0009506	[1]
BE0009507	[1]
BE0009508	[1]
BE0009509	[1]
BE0009510	[1]
BE0009511	[1]
BE0009512	[1]
BE0009513	[1]
BE0009514	[1]
BE0009515	[1]
BE0009516	[1]
BE0009517	[1]
BE0009518	[1]
BE0009519	[1]
BE0009520	[1]
BE0009521	[1]
BE0009522	[1]
BE0009523	[1]
BE0009524	[1]
BE0009588	[1]
BE0009526	[1]
BE0009527	[1]
BE0009528	[1]
BE0009529	[1]
BE0009530	[1]
BE0009531	[1]
BE0009532	[1]
BE0009533	[1]
BE0009535	[1]
BE0009536	[1]
BE0009537	[1]
BE0009538	[1]
BE0009539	[1]
BE0009540	[1]
BE0009541	[1]
BE0009542	[1]
BE0009543	[1]
BE0009544	[1]
BE0009559	[1]
BE0003471	[1]
BE0009146	[1]
BE0009145	[1]
BE0009147	[1]
BE0003463	[1]
BE0000080	[1]
BE0009747	[1]
BE0009746	[1]
BE0009745	[1]
BE0009360	[1]
BE0003472	[1]
BE0003383	[1]
BE0010068	[1]
BE0010070	[1]
BE0003273	[1]
BE0002370	[1]
BE0009680	[1]
BE0009630	[1]
BE0003466	[1]
BE0003467	[1]
BE0003420	[1]
BE0003421	[1]
BE0009866	[1]
BE0010066	[1]
BE0010067	[1]
BE0009787	[1]
BE0009548	[1]
BE0009558	[1]
BE0005510	[1]
BE0005076	[1]
BE0009021	[1]
BE0004474	[1]
BE0009023	[1]
BE0009024	[1]
BE0009025	[1]
BE0009027	[1]
BE0009028	[1]
BE0009029	[1]
BE0009030	[1]
BE0009031	[1]
BE0009032	[1]
BE0009033	[1]
BE0009034	[1]
BE0009035	[1]
BE0000355	[1]
BE0009036	[1]
BE0009038	[1]
BE0009039	[1]
BE0004965	[1]
BE0005767	[1]
BE0009040	[1]
BE0009041	[1]
BE0009042	[1]
BE0001174	[1]
BE0010025	[1]
BE0003450	[1]
BE0009718	[1]
BE0003459	[1]
BE0009562	[1]
BE0009849	[1]
BE0009918	[1]
BE0008688	[1]
BE0009798	[1]
BE0008671	[1]
BE0005577	[1]
BE0004769	[1]
BE0009143	[1]
BE0003675	[1]
BE0003674	[1]
BE0004850	[1]
BE0009579	[1]
BE0009323	[1]
BE0009923	[1]
BE0009367	[1]
BE0008717	[1]
BE0009344	[1]
BE0009355	[1]
BE0009353	[1]
BE0009357	[1]
BE0009356	[1]
BE0009354	[1]
BE0003643	[1]
BE0009149	[1]
BE0009370	[1]
BE0002477	[1]
BE0009736	[1]
BE0009935	[1]
BE0009341	[1]
BE0009157	[1]
BE0009345	[1]
BE0009347	[1]
BE0009348	[1]
BE0009359	[1]
BE0009155	[1]
BE0009551	[1]
BE0009553	[1]
BE0009554	[1]
BE0009570	[1]
BE0009911	[1]
BE0009908	[1]
BE0009909	[1]
BE0009910	[1]
BE0009915	[1]
BE0009916	[1]
BE0009563	[1]
BE0009577	[1]
BE0010016	[1]
BE0010019	[1]
BE0010060	[1]
BE0010036	[1]
BE0010012	[1]
BE0010095	[1]
BE0009790	[1]
BE0010181	[1]
BE0010130	[1]
BE0010136	[1]
BE0008625	[1]
BE0003644	[1]
BE0002463	[1]
BE0010027	[1]
BE0010182	[1]
BE0010028	[1]
BE0010034	[1]
BE0010029	[1]
BE0009679	[1]
BE0009759	[1]
BE0009786	[1]
BE0009794	[1]
BE0009797	[1]
BE0008685	[1]
BE0009865	[1]
BE0010140	[1]
BE0010022	[1]
BE0010010	[1]
BE0010014	[1]
BE0010017	[1]
BE0010018	[1]
BE0010020	[1]
BE0010023	[1]
BE0010139	[1]
BE0010091	[1]
BE0010030	[1]
BE0010045	[1]
BE0010047	[1]
BE0010069	[1]
BE0004425	[1]
BE0004426	[1]
BE0004427	[1]
